{"stat.useItem.spartanweaponry.halberd_diamond":58,"stat.pickup.minecraft.bone":172,"stat.pickup.iceandfire.fire_dragon_flesh":7,"stat.pickup.hammertime.itemaxestone":6,"stat.leaveGame":10,"stat.pickup.minecraft.stone_pickaxe":6,"stat.pickup.jurassicraft.plant_fossil":2,"stat.pickup.evilcraft.condensed_blood":20,"stat.drop.minecraft.iron_nugget":1,"stat.pickup.jurassicraft.crickets":4,"stat.pickup.zawa.worm":5,"stat.swimOneCm":48352,"stat.pickup.evilcraft.environmental_accumulation_core":1,"stat.climbOneCm":5151,"stat.useItem.spartanweaponry.rapier_iron":93,"stat.pickup.minecraft.cooked_porkchop":68,"stat.useItem.minecraft.stone_slab2":11,"stat.pickup.minecraft.bow":4,"stat.pickup.spartanweaponry.rapier_iron":7,"stat.pickup.minecraft.iron_boots":8,"stat.pickup.minecraft.rotten_flesh":8,"stat.drop.zawa.rat_raw":1,"stat.pickup.iceandfire.chared_cobblestone":3,"stat.pickup.iceandfire.armor_red_chestplate":6,"stat.pickup.iceandfire.chain_link":133,"stat.craftItem.minecraft.stone_pickaxe":1,"stat.pickup.minecraft.cobblestone":431,"stat.entityKilledBy.cyclops":5,"stat.flyOneCm":435397,"stat.pickup.grimoireofgaia.misc_fur":4,"stat.mineBlock.openblocks.grave":9,"stat.timeSinceDeath":20668,"stat.useItem.minecraft.spawn_egg":3,"stat.pickup.minecraft.mutton":192,"stat.entityKilledBy.grimoireofgaia.selkie":2,"stat.pickup.wolfarmor.iron_wolf_armor":7,"stat.killEntity.seaserpent":1,"stat.useItem.minecraft.cooked_porkchop":11,"stat.pickup.iceandfire.dragon_skull":6,"stat.mineBlock.minecraft.coal_ore":6,"stat.talkedToVillager":2,"stat.pickup.iceandfire.sea_serpent_fang":21,"stat.pickup.iceandfire.manuscript":126,"stat.pickup.minecraft.beef":39,"stat.drop.iceandfire.dragon_skull":1,"stat.pickup.minecraft.furnace":14,"stat.sprintOneCm":140190,"stat.craftItem.minecraft.stick":8,"stat.entityKilledBy.dread_ghoul":2,"stat.mineBlock.minecraft.crafting_table":4,"stat.pickup.jurassicraft.disc_troodons_and_raptors":8,"stat.pickup.minecraft.emerald":7,"stat.useItem.iceandfire.dragon_skull":1,"stat.entityKilledBy.grimoireofgaia.kobold":2,"stat.useItem.minecraft.beef":1,"stat.deaths":16,"stat.mineBlock.minecraft.planks":3,"stat.pickup.zawa.fur":5,"stat.drop":5,"stat.killEntity.cyclops":1,"stat.playOneMinute":102720,"stat.killEntity.Zombie":5,"stat.pickup.zawa.care_guide":1,"stat.diveOneCm":105710,"stat.pickup.iceandfire.sea_serpent_scales_blue":27,"stat.chestOpened":39,"stat.entityKilledBy.seaserpent":5,"stat.pickup.minecraft.iron_sword":14,"stat.pickup.minecraft.arrow":3,"stat.pickup.minecraft.wooden_pressure_plate":1,"stat.useItem.minecraft.apple":2,"stat.pickup.minecraft.obsidian":42,"stat.pickup.minecraft.gold_nugget":348,"stat.useItem.minecraft.potion":1,"stat.jump":1190,"stat.pickup.minecraft.iron_helmet":8,"stat.pickup.minecraft.coal":238,"stat.useItem.minecraft.experience_bottle":4,"stat.fallOneCm":30677,"stat.pickup.minecraft.iron_ingot":42,"stat.crouchOneCm":4813,"stat.mineBlock.minecraft.chest":10,"stat.pickup.minecraft.dirt":7,"stat.pickup.minecraft.experience_bottle":4,"stat.craftingTableInteraction":4,"stat.pickup.iceandfire.fire_dragon_heart":3,"stat.pickup.iceandfire.shiny_scales":20,"stat.mineBlock.minecraft.wooden_pressure_plate":1,"stat.boatOneCm":186976,"stat.damageTaken":5199,"stat.pickup.minecraft.leather":51,"stat.mineBlock.minecraft.furnace":2,"stat.pickup.iceandfire.dragonscales_red":12,"stat.pickup.minecraft.planks":15,"stat.pickup.minecraft.iron_leggings":7,"stat.pickup.minecraft.prismarine_crystals":12,"stat.pickup.minecraft.bed":11,"stat.pickup.minecraft.wheat_seeds":6,"stat.useItem.minecraft.stone_pickaxe":16,"stat.craftItem.minecraft.iron_leggings":1,"stat.damageDealt":12558,"stat.pickup.iceandfire.chared_grass":1,"stat.sleepInBed":6,"stat.mineBlock.minecraft.dirt":6,"stat.pickup.zawa.large_meat_cooked":2,"stat.pickup.zawa.rat_raw":1,"stat.walkOneCm":205690,"stat.pickup.minecraft.stick":36,"stat.pickup.minecraft.iron_nugget":2,"stat.drop.minecraft.rotten_flesh":1,"stat.mineBlock.jurassicraft.plant_fossil_block":1,"stat.useItem.minecraft.log":4,"stat.pickup.minecraft.crafting_table":10,"stat.useItem.minecraft.cobblestone":2,"stat.craftItem.minecraft.boat":1,"stat.pickup.hammertime.itemhammerstone":6,"stat.pickup.minecraft.log":219,"stat.pickup.wolfarmor.gold_wolf_armor":5,"stat.pickup.usefulbackpacks.backpack":6,"stat.craftItem.minecraft.gold_ingot":38,"stat.useItem.zawa.large_meat_cooked":2,"stat.pickup.iceandfire.dragonscales_gray":26,"stat.pickup.minecraft.apple":8,"stat.pickup.minecraft.gold_ingot":228,"stat.killEntity.Skeleton":4,"stat.mineBlock.iceandfire.goldpile":68,"stat.useItem.minecraft.iron_sword":46,"stat.craftItem.minecraft.planks":12,"stat.mobKills":18,"stat.pickup.minecraft.book":21,"stat.mineBlock.minecraft.log":4,"stat.drop.botania.lexicon":1,"stat.pickup.iceandfire.dragonbone":40,"stat.useItem.minecraft.boat":1,"stat.pickup.jurassicraft.twig_fossil":21,"stat.mineBlock.minecraft.leaves":8,"stat.sneakTime":2966,"stat.pickup.minecraft.wool":5,"stat.pickup.evilcraft.werewolf_flesh":4,"stat.killEntity.firedragon":4,"stat.killEntity.siren":1,"stat.pickup.minecraft.stone_slab":5,"stat.killEntity.grimoireofgaia.minotaurus":1,"stat.pickup.minecraft.chest":70}