{"stat.pickup.minecraft.wooden_slab":23,"stat.pickup.iceandfire.fire_dragon_flesh":7,"stat.leaveGame":21,"stat.pickup.jurassicraft.plant_fossil":5,"stat.killEntity.Parrot":1,"stat.pickup.grimoireofgaia.misc_soul_fire":1,"stat.craftItem.minecraft.iron_axe":2,"stat.pickup.evilcraft.condensed_blood":20,"stat.pickup.jurassicraft.crickets":90,"stat.killEntity.grimoireofgaia.centaur":1,"stat.useItem.minecraft.mutton":9,"stat.pickup.zawa.worm":18,"stat.pickup.evilcraft.environmental_accumulation_core":1,"stat.useItem.minecraft.planks":693,"stat.mineBlock.minecraft.web":5,"stat.drop.minecraft.feather":1,"stat.pickup.minecraft.porkchop":7,"stat.pickup.minecraft.glass":16,"stat.useItem.minecraft.water_bucket":12,"stat.pickup.minecraft.rotten_flesh":68,"stat.pickup.minecraft.sand":215,"stat.useItem.chococraft.chocobo_drumstick_raw":1,"stat.craftItem.minecraft.dark_oak_fence":30,"stat.useItem.futureminecraf.campfire":1,"stat.pickup.minecraft.splash_potion":8,"stat.killEntity.Donkey":1,"stat.pickup.iceandfire.chared_cobblestone":3,"stat.pickup.iceandfire.armor_red_chestplate":25,"stat.pickup.iceandfire.troll_leather_forest":18,"stat.pickup.minecraft.bucket":13,"stat.entityKilledBy.cyclops":5,"stat.mineBlock.minecraft.wooden_slab":6,"stat.pickup.grimoireofgaia.misc_fur":4,"stat.entityKilledBy.firedragon":7,"stat.mineBlock.zawa.legume":1,"stat.craftItem.wings.evil_wings":2,"stat.drop.wings.evil_wings":1,"stat.mineBlock.openblocks.grave":41,"stat.craftItem.iceandfire.silver_ingot":4,"stat.useItem.minecraft.iron_pickaxe":661,"stat.useItem.minecraft.spawn_egg":3,"stat.entityKilledBy.grimoireofgaia.selkie":2,"stat.useItem.minecraft.iron_shovel":1,"stat.drop.minecraft.cooked_mutton":1,"stat.pickup.minecraft.double_plant":21,"stat.entityKilledBy.grimoireofgaia.satyress":1,"stat.pickup.wolfarmor.iron_wolf_armor":7,"stat.pickup.zawa.golden_sparks":6,"stat.useItem.minecraft.oak_stairs":24,"stat.furnaceInteraction":71,"stat.mineBlock.jurassicraft.fossilized_trackway":1,"stat.mineBlock.botania.flower":87,"stat.mineBlock.minecraft.dark_oak_stairs":61,"stat.pickup.iceandfire.dragon_skull":8,"stat.useItem.minecraft.dark_oak_stairs":241,"stat.pickup.mca.book_rose_gold":1,"stat.pickup.hammertime.itemshoveliron":21,"stat.entityKilledBy.grimoireofgaia.harpy":22,"stat.killEntity.grimoireofgaia.satyress":1,"stat.pickup.iceandfire.manuscript":222,"stat.pickup.botania.livingwood":60,"stat.pickup.minecraft.beef":143,"stat.drop.iceandfire.dragon_skull":1,"stat.pickup.minecraft.furnace":22,"stat.useItem.minecraft.cooked_mutton":53,"stat.useItem.minecraft.trapdoor":48,"stat.pickup.minecraft.iron_chestplate":4,"stat.entityKilledBy.dread_ghoul":2,"stat.pickup.mca.rose_gold_ore":100,"stat.craftItem.botania.pool":1,"stat.entityKilledBy.grimoireofgaia.bone_knight":2,"stat.pickup.minecraft.potion":8,"stat.pickup.grimoireofgaia.box_gold":3,"stat.pickup.minecraft.emerald":37,"stat.useItem.botania.twigwand":46,"stat.mineBlock.jurassicraft.amber_ore":1,"stat.useItem.iceandfire.dragon_skull":1,"stat.entityKilledBy.grimoireofgaia.kobold":2,"stat.craftItem.hammertime.itemshoveliron":2,"stat.useItem.minecraft.beef":1,"stat.deaths":92,"stat.pickup.zawa.fur":18,"stat.pickup.minecraft.egg":1,"stat.playOneMinute":739310,"stat.pickup.zawa.peach_flower":6,"stat.craftItem.minecraft.iron_pickaxe":1,"stat.pickup.iceandfire.armor_gray_leggings":24,"stat.pickup.zawa.care_guide":1,"stat.drop.minecraft.iron_ingot":102,"stat.pickup.chisel.marble2":52,"stat.mineBlock.minecraft.tallgrass":31,"stat.craftItem.minecraft.cooked_mutton":53,"stat.pickup.iceandfire.sea_serpent_scales_blue":63,"stat.pickup.minecraft.cooked_mutton":86,"stat.chestOpened":176,"stat.mineBlock.botania.specialflower":5,"stat.pickup.hammertime.itemaxeiron":15,"stat.craftItem.minecraft.sign":3,"stat.pickup.botania.mushroom":1,"stat.useItem.minecraft.stone":16,"stat.pickup.spartanweaponry.mace_iron":4,"stat.pickup.minecraft.iron_sword":44,"stat.pickup.minecraft.arrow":39,"stat.pickup.minecraft.wooden_pressure_plate":1,"stat.craftItem.minecraft.dark_oak_stairs":228,"stat.killEntity.Vex":5,"stat.pickup.minecraft.gold_nugget":398,"stat.entityKilledBy.Vex":3,"stat.drop.minecraft.iron_pickaxe":1,"stat.useItem.minecraft.experience_bottle":4,"stat.fallOneCm":229474,"stat.pickup.botania.lexicon":1,"stat.craftItem.evilcraft.dark_spike":16,"stat.pickup.minecraft.carrot":1,"stat.drop.mca.book_rose_gold":2,"stat.crouchOneCm":134337,"stat.mineBlock.minecraft.chest":11,"stat.craftItem.minecraft.iron_ingot":212,"stat.pickup.minecraft.golden_leggings":1,"stat.craftingTableInteraction":74,"stat.pickup.jurassicraft.gypsum_powder":4,"stat.mineBlock.minecraft.wooden_pressure_plate":1,"stat.pickup.iceandfire.silver_ore":28,"stat.craftItem.iceandfire.armor_gray_leggings":2,"stat.pickup.minecraft.feather":15,"stat.useItem.minecraft.dark_oak_fence":28,"stat.drop.minecraft.bone":1,"stat.useItem.minecraft.furnace":1,"stat.pickup.iceandfire.dragonscales_red":12,"stat.craftItem.mca.rose_gold_ingot":55,"stat.pickup.minecraft.dye":17,"stat.pickup.minecraft.planks":437,"stat.pickup.minecraft.iron_leggings":11,"stat.pickup.chisel.limestone2":29,"stat.pickup.minecraft.wheat_seeds":25,"stat.drop.jurassicraft.crickets":6,"stat.pickup.botania.twigwand":8,"stat.mineBlock.minecraft.gravel":1,"stat.useItem.minecraft.stone_pickaxe":36,"stat.craftItem.minecraft.iron_leggings":1,"stat.pickup.zawa.dried_bamboo":1,"stat.killEntity.grimoireofgaia.bone_knight":1,"stat.craftItem.minecraft.oak_stairs":24,"stat.mineBlock.minecraft.dirt":63,"stat.craftItem.evilcraft.dark_tank":1,"stat.pickup.zawa.large_meat_cooked":2,"stat.useItem.zawa.carnivore_meat_raw":1,"stat.pickup.botania.specialflower":15,"stat.pickup.evilcraft.origins_of_darkness":1,"stat.useItem.minecraft.torch":44,"stat.pickup.minecraft.golden_apple":4,"stat.pickup.minecraft.iron_nugget":24,"stat.mineBlock.iceandfire.silver_ore":4,"stat.drop.minecraft.rotten_flesh":5,"stat.useItem.minecraft.log":299,"stat.pickup.minecraft.crafting_table":16,"stat.useItem.minecraft.cobblestone":180,"stat.useItem.futureminecraf.unlitcampfire":42,"stat.mineBlock.minecraft.double_plant":4,"stat.craftItem.minecraft.boat":2,"stat.pickup.botania.flowerbag":5,"stat.mineBlock.minecraft.emerald_ore":13,"stat.pickup.minecraft.redstone_block":1,"stat.pickup.minecraft.log":947,"stat.useItem.botania.specialflower":5,"stat.pickup.minecraft.iron_pickaxe":19,"stat.killEntity.grimoireofgaia.gryphon":1,"stat.pickup.usefulbackpacks.backpack":34,"stat.craftItem.minecraft.gold_ingot":92,"stat.craftItem.usefulbackpacks.backpack":2,"stat.drop.minecraft.planks":2,"stat.pickup.mca.rose_gold_ingot":10,"stat.pickup.minecraft.chicken":2,"stat.mineBlock.zawa.bellflowers":1,"stat.pickup.zawa.bellflowers":4,"stat.drop.minecraft.gold_nugget":20,"stat.pickup.minecraft.tipped_arrow":26,"stat.pickup.minecraft.sapling":60,"stat.pickup.iceandfire.dragonscales_gray":26,"stat.pickup.minecraft.apple":14,"stat.pickup.jurassicraft.araucaria_log_petrified":3,"stat.useItem.iceandfire.troll_weapon.column":1,"stat.craftItem.futureminecraf.campfire":2,"stat.mineBlock.iceandfire.goldpile":68,"stat.craftItem.minecraft.bucket":1,"stat.useItem.minecraft.iron_sword":797,"stat.craftItem.minecraft.planks":1120,"stat.killEntity.PolarBear":1,"stat.pickup.minecraft.book":21,"stat.mineBlock.minecraft.log":57,"stat.pickup.iceandfire.dragonbone":55,"stat.pickup.jurassicraft.twig_fossil":22,"stat.mineBlock.futureminecraf.unlitcampfire":1,"stat.pickup.minecraft.red_flower":21,"stat.drop.botania.twigwand":1,"stat.sneakTime":43904,"stat.pickup.minecraft.wool":13,"stat.craftItem.botania.twigwand":1,"stat.pickup.jurassicraft.calamites_log_petrified":4,"stat.killEntity.siren":3,"stat.pickup.minecraft.stone_slab":5,"stat.killEntity.grimoireofgaia.minotaurus":18,"stat.pickup.minecraft.chest":112,"stat.useItem.minecraft.web":4,"stat.useItem.spartanweaponry.halberd_diamond":124,"stat.pickup.minecraft.bone":307,"stat.killEntity.grimoireofgaia.banshee":1,"stat.pickup.hammertime.itemaxestone":12,"stat.useItem.minecraft.iron_axe":391,"stat.mineBlock.minecraft.cobblestone":4,"stat.pickup.evilcraft.blood_extractor":2,"stat.pickup.minecraft.stone_pickaxe":10,"stat.pickup.minecraft.flint":2,"stat.craftItem.botania.petal":48,"stat.craftItem.minecraft.wool":1,"stat.drop.minecraft.iron_nugget":1,"stat.pickup.iceandfire.troll_weapon.axe":2,"stat.swimOneCm":185192,"stat.climbOneCm":8514,"stat.useItem.spartanweaponry.rapier_iron":208,"stat.pickup.minecraft.cooked_porkchop":80,"stat.pickup.jurassicraft.amber":1,"stat.mineBlock.evilcraft.dark_ore":8,"stat.pickup.chococraft.chocobo_drumstick_raw":4,"stat.useItem.minecraft.dirt":830,"stat.pickup.wings.fairy_dust":92,"stat.useItem.minecraft.stone_slab2":174,"stat.pickup.minecraft.bow":4,"stat.pickup.spartanweaponry.rapier_iron":11,"stat.pickup.minecraft.iron_boots":12,"stat.drop.evilcraft.werewolf_flesh":8,"stat.pickup.zawa.carnivore_meat_raw":1,"stat.pickup.grimoireofgaia.deco_nest_harpy":1,"stat.killEntity.artifacts.mimic":2,"stat.useItem.minecraft.egg":1,"stat.drop.zawa.rat_raw":1,"stat.mineBlock.zawa.dried_bamboo":1,"stat.craftItem.minecraft.trapdoor":50,"stat.pickup.iceandfire.chain_link":133,"stat.craftItem.minecraft.stone_pickaxe":1,"stat.craftItem.minecraft.cooked_beef":39,"stat.pickup.minecraft.shears":4,"stat.pickup.minecraft.cobblestone":2969,"stat.mineBlock.minecraft.carpet":4,"stat.mineBlock.chisel.limestone2":1,"stat.flyOneCm":2194151,"stat.pickup.minecraft.fish":4,"stat.drop.minecraft.wheat_seeds":13,"stat.craftItem.minecraft.wooden_slab":198,"stat.useItem.minecraft.cooked_beef":39,"stat.pickup.minecraft.redstone":156,"stat.mineBlock.minecraft.iron_ore":132,"stat.timeSinceDeath":511,"stat.useItem.minecraft.sign":2,"stat.useItem.minecraft.wooden_slab":193,"stat.pickup.minecraft.mutton":365,"stat.mineBlock.botania.livingwood":7,"stat.pickup.evilcraft.blood_stained_block":1,"stat.killEntity.seaserpent":1,"stat.drop.minecraft.dirt":1,"stat.useItem.minecraft.cooked_porkchop":17,"stat.pickup.minecraft.iron_shovel":1,"stat.pickup.minecraft.carpet":2,"stat.pickup.minecraft.trapdoor":1,"stat.mineBlock.minecraft.coal_ore":152,"stat.killEntity.Creeper":2,"stat.talkedToVillager":2,"stat.pickup.iceandfire.sea_serpent_fang":49,"stat.pickup.botania.manaresource":52,"stat.pickup.minecraft.string":11,"stat.drop.botania.livingwood":5,"stat.pickup.jurassicraft.fossilized_trackway":1,"stat.pickup.grimoireofgaia.food_root":6,"stat.entityKilledBy.Skeleton":1,"stat.craftItem.minecraft.stone_slab2":0,"stat.pickup.botania.petal":10,"stat.craftItem.botania.manaresource":3,"stat.sprintOneCm":1580621,"stat.drop.minecraft.leather":2,"stat.useItem.botania.lexicon":1,"stat.craftItem.minecraft.stick":48,"stat.craftItem.props.clay":192,"stat.pickup.spartanweaponry.saber_gold":1,"stat.craftItem.minecraft.stone":13,"stat.mineBlock.minecraft.diamond_ore":13,"stat.craftItem.evilcraft.blood_extractor":1,"stat.mineBlock.minecraft.crafting_table":7,"stat.pickup.jurassicraft.disc_troodons_and_raptors":12,"stat.pickup.minecraft.golden_horse_armor":1,"stat.craftItem.iceandfire.armor_gray_helmet":2,"stat.pickup.chococraft.gysahl_green_seeds":2,"stat.pickup.botania.flower":11,"stat.mineBlock.minecraft.planks":333,"stat.drop":226,"stat.killEntity.cyclops":1,"stat.killEntity.Sheep":8,"stat.killEntity.Zombie":30,"stat.craftItem.minecraft.dye":11,"stat.pickup.artifacts.bottled_cloud":12,"stat.mineBlock.minecraft.gold_ore":32,"stat.diveOneCm":167460,"stat.entityKilledBy.seaserpent":5,"stat.pickup.iceandfire.troll_leather_mountain":2,"stat.mineBlock.botania.doubleflower2":5,"stat.pickup.minecraft.sign":2,"stat.mineBlock.botania.doubleflower1":4,"stat.pickup.minecraft.gravel":2,"stat.craftItem.minecraft.cooked_porkchop":1,"stat.pickup.minecraft.stone_axe":1,"stat.craftItem.botania.altar":1,"stat.useItem.minecraft.apple":12,"stat.mineBlock.jurassicraft.araucaria_log_petrified":3,"stat.pickup.minecraft.obsidian":66,"stat.pickup.jurassicraft.psaronius_log_petrified":2,"stat.useItem.minecraft.potion":1,"stat.useItem.minecraft.rotten_flesh":41,"stat.jump":9544,"stat.useItem.minecraft.sand":1,"stat.pickup.minecraft.iron_helmet":12,"stat.pickup.minecraft.coal":1112,"stat.pickup.minecraft.iron_ingot":432,"stat.pickup.iceandfire.troll_weapon.column":3,"stat.pickup.minecraft.gunpowder":14,"stat.craftItem.minecraft.torch":36,"stat.pickup.minecraft.dirt":2044,"stat.pickup.evilcraft.dark_gem_crushed":6,"stat.pickup.minecraft.experience_bottle":4,"stat.mineBlock.wings.amethyst_ore":10,"stat.pickup.minecraft.iron_ore":494,"stat.pickup.evilcraft.dark_spike":26,"stat.pickup.iceandfire.fire_dragon_heart":3,"stat.pickup.iceandfire.shiny_scales":75,"stat.mineBlock.mca.rose_gold_ore":51,"stat.boatOneCm":484907,"stat.useItem.minecraft.sapling":17,"stat.pickup.minecraft.gold_ore":150,"stat.mineBlock.minecraft.lapis_ore":2,"stat.pickup.minecraft.iron_axe":13,"stat.pickup.minecraft.leaves":6,"stat.mineBlock.minecraft.leaves2":9,"stat.brewingstandInteraction":1,"stat.damageTaken":33173,"stat.pickup.minecraft.leather":200,"stat.mineBlock.minecraft.furnace":3,"stat.mineBlock.minecraft.red_flower":12,"stat.mineBlock.minecraft.torch":6,"stat.pickup.grimoireofgaia.box":1,"stat.pickup.minecraft.prismarine_shard":15,"stat.pickup.evilcraft.dark_gem":46,"stat.mineBlock.minecraft.sapling":4,"stat.pickup.minecraft.log2":198,"stat.mineBlock.futureminecraf.campfire":3,"stat.pickup.minecraft.prismarine_crystals":34,"stat.pickup.minecraft.bed":17,"stat.pickup.artifacts.thorn_pendant":10,"stat.killEntity.grimoireofgaia.spriggan":1,"stat.pickup.minecraft.oak_stairs":3,"stat.entityKilledBy.Zombie":2,"stat.pickup.botania.altar":1,"stat.damageDealt":58418,"stat.pickup.iceandfire.chared_grass":1,"stat.craftItem.minecraft.glass":10,"stat.sleepInBed":12,"stat.killEntity.Cow":34,"stat.killEntity.Pig":1,"stat.craftItem.hammertime.itemaxeiron":1,"stat.pickup.zawa.rat_raw":1,"stat.craftItem.minecraft.iron_sword":1,"stat.craftItem.hammertime.itemshovelstone":1,"stat.drop.botania.petal":48,"stat.craftItem.minecraft.stone_slab":6,"stat.pickup.minecraft.boat":2,"stat.walkOneCm":1736844,"stat.useItem.minecraft.chest":3,"stat.playerKills":1,"stat.pickup.minecraft.stick":247,"stat.mineBlock.jurassicraft.plant_fossil_block":7,"stat.mineBlock.grimoireofgaia.deco_nest_harpy":1,"stat.pickup.zawa.legume":4,"stat.drop.iceandfire.troll_weapon.column":1,"stat.pickup.wings.evil_wings":5,"stat.pickup.hammertime.itemhammerstone":21,"stat.mineBlock.botania.altar":1,"stat.craftItem.botania.flowerbag":1,"stat.mineBlock.jurassicraft.calamites_log_petrified":1,"stat.mineBlock.zawa.golden_sparks":2,"stat.pickup.wolfarmor.gold_wolf_armor":5,"stat.entityKilledBy.grimoireofgaia.minotaurus":30,"stat.pickup.minecraft.stone":73,"stat.killEntity.if_troll":1,"stat.useItem.zawa.large_meat_cooked":2,"stat.useItem.minecraft.leaves":4,"stat.pickup.minecraft.cooked_beef":99,"stat.pickup.minecraft.gold_ingot":412,"stat.killEntity.Skeleton":18,"stat.pickup.grimoireofgaia.bag_book":3,"stat.killEntity.Chicken":1,"stat.killEntity.Spider":1,"stat.killEntity.grimoireofgaia.harpy":8,"stat.pickup.minecraft.dark_oak_stairs":110,"stat.mobKills":182,"stat.drop.botania.lexicon":1,"stat.craftItem.minecraft.shears":1,"stat.useItem.minecraft.boat":4,"stat.craftItem.botania.spreader":1,"stat.pickup.minecraft.diamond":19,"stat.mineBlock.minecraft.leaves":92,"stat.pickup.iceandfire.armor_gray_helmet":13,"stat.mineBlock.wings.fairy_dust_ore":35,"stat.pickup.minecraft.torch":706,"stat.mineBlock.minecraft.redstone_ore":29,"stat.pickup.wings.amethyst":13,"stat.craftItem.hammertime.itemaxestone":1,"stat.pickup.spartanweaponry.halberd_diamond":4,"stat.pickup.evilcraft.werewolf_flesh":20,"stat.killEntity.firedragon":4,"stat.drop.minecraft.arrow":1,"stat.mineBlock.zawa.peach_flower":2,"stat.mineBlock.minecraft.stone":133,"stat.pickup.botania.livingrock":48}