{"stat.pickup.minecraft.wooden_slab":23,"stat.pickup.iceandfire.fire_dragon_flesh":7,"stat.leaveGame":21,"stat.pickup.jurassicraft.plant_fossil":2,"stat.killEntity.Parrot":1,"stat.craftItem.minecraft.iron_axe":2,"stat.pickup.evilcraft.condensed_blood":20,"stat.pickup.jurassicraft.crickets":50,"stat.killEntity.grimoireofgaia.centaur":1,"stat.useItem.minecraft.mutton":9,"stat.pickup.zawa.worm":12,"stat.pickup.evilcraft.environmental_accumulation_core":1,"stat.useItem.minecraft.planks":693,"stat.mineBlock.minecraft.web":5,"stat.drop.minecraft.feather":1,"stat.pickup.minecraft.rotten_flesh":46,"stat.pickup.minecraft.sand":194,"stat.useItem.chococraft.chocobo_drumstick_raw":1,"stat.craftItem.minecraft.dark_oak_fence":30,"stat.pickup.minecraft.splash_potion":4,"stat.killEntity.Donkey":1,"stat.pickup.iceandfire.chared_cobblestone":3,"stat.pickup.iceandfire.armor_red_chestplate":18,"stat.entityKilledBy.cyclops":5,"stat.mineBlock.minecraft.wooden_slab":6,"stat.pickup.grimoireofgaia.misc_fur":4,"stat.entityKilledBy.firedragon":7,"stat.mineBlock.openblocks.grave":24,"stat.useItem.minecraft.iron_pickaxe":3,"stat.useItem.minecraft.spawn_egg":3,"stat.entityKilledBy.grimoireofgaia.selkie":2,"stat.useItem.minecraft.iron_shovel":1,"stat.drop.minecraft.cooked_mutton":1,"stat.entityKilledBy.grimoireofgaia.satyress":1,"stat.pickup.wolfarmor.iron_wolf_armor":7,"stat.useItem.minecraft.oak_stairs":24,"stat.furnaceInteraction":14,"stat.mineBlock.botania.flower":3,"stat.mineBlock.minecraft.dark_oak_stairs":61,"stat.pickup.iceandfire.dragon_skull":8,"stat.useItem.minecraft.dark_oak_stairs":241,"stat.pickup.hammertime.itemshoveliron":4,"stat.entityKilledBy.grimoireofgaia.harpy":12,"stat.killEntity.grimoireofgaia.satyress":1,"stat.pickup.iceandfire.manuscript":222,"stat.pickup.minecraft.beef":98,"stat.drop.iceandfire.dragon_skull":1,"stat.pickup.minecraft.furnace":22,"stat.useItem.minecraft.cooked_mutton":39,"stat.useItem.minecraft.trapdoor":48,"stat.pickup.minecraft.iron_chestplate":4,"stat.entityKilledBy.dread_ghoul":2,"stat.pickup.grimoireofgaia.box_gold":3,"stat.pickup.minecraft.emerald":11,"stat.useItem.iceandfire.dragon_skull":1,"stat.entityKilledBy.grimoireofgaia.kobold":2,"stat.craftItem.hammertime.itemshoveliron":2,"stat.useItem.minecraft.beef":1,"stat.deaths":55,"stat.pickup.zawa.fur":6,"stat.playOneMinute":512510,"stat.craftItem.minecraft.iron_pickaxe":1,"stat.pickup.iceandfire.armor_gray_leggings":7,"stat.pickup.zawa.care_guide":1,"stat.mineBlock.minecraft.tallgrass":23,"stat.craftItem.minecraft.cooked_mutton":39,"stat.pickup.iceandfire.sea_serpent_scales_blue":63,"stat.pickup.minecraft.cooked_mutton":64,"stat.chestOpened":107,"stat.pickup.hammertime.itemaxeiron":4,"stat.craftItem.minecraft.sign":3,"stat.pickup.spartanweaponry.mace_iron":4,"stat.pickup.minecraft.iron_sword":31,"stat.pickup.minecraft.arrow":10,"stat.pickup.minecraft.wooden_pressure_plate":1,"stat.craftItem.minecraft.dark_oak_stairs":228,"stat.pickup.minecraft.gold_nugget":373,"stat.useItem.minecraft.experience_bottle":4,"stat.fallOneCm":174637,"stat.pickup.botania.lexicon":1,"stat.pickup.minecraft.carrot":1,"stat.crouchOneCm":121382,"stat.mineBlock.minecraft.chest":11,"stat.pickup.minecraft.golden_leggings":1,"stat.craftingTableInteraction":58,"stat.mineBlock.minecraft.wooden_pressure_plate":1,"stat.craftItem.iceandfire.armor_gray_leggings":2,"stat.pickup.minecraft.feather":9,"stat.useItem.minecraft.dark_oak_fence":28,"stat.drop.minecraft.bone":1,"stat.useItem.minecraft.furnace":1,"stat.pickup.iceandfire.dragonscales_red":12,"stat.pickup.minecraft.planks":437,"stat.pickup.minecraft.iron_leggings":11,"stat.pickup.minecraft.wheat_seeds":20,"stat.drop.jurassicraft.crickets":6,"stat.useItem.minecraft.stone_pickaxe":36,"stat.craftItem.minecraft.iron_leggings":1,"stat.pickup.zawa.dried_bamboo":1,"stat.craftItem.minecraft.oak_stairs":24,"stat.mineBlock.minecraft.dirt":56,"stat.pickup.zawa.large_meat_cooked":2,"stat.useItem.zawa.carnivore_meat_raw":1,"stat.useItem.minecraft.torch":30,"stat.pickup.minecraft.golden_apple":4,"stat.pickup.minecraft.iron_nugget":20,"stat.drop.minecraft.rotten_flesh":5,"stat.useItem.minecraft.log":280,"stat.pickup.minecraft.crafting_table":16,"stat.useItem.minecraft.cobblestone":24,"stat.useItem.futureminecraf.unlitcampfire":42,"stat.mineBlock.minecraft.double_plant":1,"stat.craftItem.minecraft.boat":2,"stat.pickup.botania.flowerbag":1,"stat.pickup.minecraft.log":841,"stat.pickup.minecraft.iron_pickaxe":7,"stat.killEntity.grimoireofgaia.gryphon":1,"stat.pickup.usefulbackpacks.backpack":17,"stat.craftItem.minecraft.gold_ingot":52,"stat.craftItem.usefulbackpacks.backpack":2,"stat.drop.minecraft.planks":2,"stat.drop.minecraft.gold_nugget":14,"stat.pickup.minecraft.sapling":59,"stat.pickup.iceandfire.dragonscales_gray":26,"stat.pickup.minecraft.apple":14,"stat.mineBlock.iceandfire.goldpile":68,"stat.useItem.minecraft.iron_sword":500,"stat.craftItem.minecraft.planks":1116,"stat.pickup.minecraft.book":21,"stat.mineBlock.minecraft.log":55,"stat.pickup.iceandfire.dragonbone":55,"stat.pickup.jurassicraft.twig_fossil":21,"stat.mineBlock.futureminecraf.unlitcampfire":1,"stat.pickup.minecraft.red_flower":21,"stat.sneakTime":37948,"stat.pickup.minecraft.wool":13,"stat.killEntity.siren":3,"stat.pickup.minecraft.stone_slab":5,"stat.killEntity.grimoireofgaia.minotaurus":11,"stat.pickup.minecraft.chest":112,"stat.useItem.minecraft.web":4,"stat.useItem.spartanweaponry.halberd_diamond":58,"stat.pickup.minecraft.bone":279,"stat.pickup.hammertime.itemaxestone":12,"stat.useItem.minecraft.iron_axe":381,"stat.pickup.minecraft.stone_pickaxe":10,"stat.craftItem.botania.petal":2,"stat.craftItem.minecraft.wool":1,"stat.drop.minecraft.iron_nugget":1,"stat.swimOneCm":87464,"stat.climbOneCm":8514,"stat.useItem.spartanweaponry.rapier_iron":208,"stat.pickup.minecraft.cooked_porkchop":80,"stat.pickup.chococraft.chocobo_drumstick_raw":4,"stat.useItem.minecraft.dirt":781,"stat.useItem.minecraft.stone_slab2":137,"stat.pickup.minecraft.bow":4,"stat.pickup.spartanweaponry.rapier_iron":11,"stat.pickup.minecraft.iron_boots":12,"stat.drop.evilcraft.werewolf_flesh":4,"stat.pickup.zawa.carnivore_meat_raw":1,"stat.pickup.grimoireofgaia.deco_nest_harpy":1,"stat.drop.zawa.rat_raw":1,"stat.mineBlock.zawa.dried_bamboo":1,"stat.craftItem.minecraft.trapdoor":50,"stat.pickup.iceandfire.chain_link":133,"stat.craftItem.minecraft.stone_pickaxe":1,"stat.craftItem.minecraft.cooked_beef":29,"stat.pickup.minecraft.shears":4,"stat.pickup.minecraft.cobblestone":1127,"stat.mineBlock.minecraft.carpet":4,"stat.flyOneCm":1657487,"stat.drop.minecraft.wheat_seeds":3,"stat.craftItem.minecraft.wooden_slab":198,"stat.useItem.minecraft.cooked_beef":22,"stat.timeSinceDeath":6776,"stat.useItem.minecraft.sign":2,"stat.useItem.minecraft.wooden_slab":193,"stat.pickup.minecraft.mutton":365,"stat.pickup.evilcraft.blood_stained_block":1,"stat.killEntity.seaserpent":1,"stat.drop.minecraft.dirt":1,"stat.useItem.minecraft.cooked_porkchop":16,"stat.pickup.minecraft.iron_shovel":1,"stat.pickup.minecraft.carpet":2,"stat.pickup.minecraft.trapdoor":1,"stat.mineBlock.minecraft.coal_ore":6,"stat.killEntity.Creeper":1,"stat.talkedToVillager":2,"stat.pickup.iceandfire.sea_serpent_fang":49,"stat.pickup.minecraft.string":5,"stat.craftItem.minecraft.stone_slab2":0,"stat.pickup.botania.petal":3,"stat.sprintOneCm":1086002,"stat.craftItem.minecraft.stick":40,"stat.craftItem.props.clay":192,"stat.pickup.spartanweaponry.saber_gold":1,"stat.craftItem.minecraft.stone":3,"stat.mineBlock.minecraft.crafting_table":6,"stat.pickup.jurassicraft.disc_troodons_and_raptors":12,"stat.pickup.minecraft.golden_horse_armor":1,"stat.craftItem.iceandfire.armor_gray_helmet":2,"stat.pickup.botania.flower":6,"stat.mineBlock.minecraft.planks":333,"stat.drop":43,"stat.killEntity.cyclops":1,"stat.killEntity.Sheep":8,"stat.killEntity.Zombie":24,"stat.craftItem.minecraft.dye":11,"stat.diveOneCm":146330,"stat.entityKilledBy.seaserpent":5,"stat.pickup.minecraft.sign":2,"stat.pickup.minecraft.stone_axe":1,"stat.useItem.minecraft.apple":12,"stat.pickup.minecraft.obsidian":66,"stat.useItem.minecraft.potion":1,"stat.useItem.minecraft.rotten_flesh":23,"stat.jump":6356,"stat.useItem.minecraft.sand":1,"stat.pickup.minecraft.iron_helmet":12,"stat.pickup.minecraft.coal":424,"stat.pickup.minecraft.iron_ingot":254,"stat.pickup.minecraft.gunpowder":1,"stat.craftItem.minecraft.torch":20,"stat.pickup.minecraft.dirt":1655,"stat.pickup.minecraft.experience_bottle":4,"stat.pickup.iceandfire.fire_dragon_heart":3,"stat.pickup.iceandfire.shiny_scales":75,"stat.boatOneCm":484907,"stat.useItem.minecraft.sapling":17,"stat.pickup.minecraft.iron_axe":5,"stat.pickup.minecraft.leaves":6,"stat.mineBlock.minecraft.leaves2":9,"stat.brewingstandInteraction":1,"stat.damageTaken":20983,"stat.pickup.minecraft.leather":188,"stat.mineBlock.minecraft.furnace":2,"stat.mineBlock.minecraft.red_flower":12,"stat.pickup.minecraft.prismarine_shard":15,"stat.mineBlock.minecraft.sapling":4,"stat.pickup.minecraft.log2":198,"stat.pickup.minecraft.prismarine_crystals":34,"stat.pickup.minecraft.bed":15,"stat.pickup.minecraft.oak_stairs":3,"stat.entityKilledBy.Zombie":2,"stat.damageDealt":36812,"stat.pickup.iceandfire.chared_grass":1,"stat.sleepInBed":11,"stat.killEntity.Cow":30,"stat.craftItem.hammertime.itemaxeiron":1,"stat.pickup.zawa.rat_raw":1,"stat.craftItem.minecraft.iron_sword":1,"stat.craftItem.hammertime.itemshovelstone":1,"stat.pickup.minecraft.boat":2,"stat.walkOneCm":1130356,"stat.useItem.minecraft.chest":3,"stat.pickup.minecraft.stick":117,"stat.mineBlock.jurassicraft.plant_fossil_block":1,"stat.mineBlock.grimoireofgaia.deco_nest_harpy":1,"stat.pickup.hammertime.itemhammerstone":17,"stat.craftItem.botania.flowerbag":1,"stat.pickup.wolfarmor.gold_wolf_armor":5,"stat.entityKilledBy.grimoireofgaia.minotaurus":14,"stat.pickup.minecraft.stone":5,"stat.useItem.zawa.large_meat_cooked":2,"stat.useItem.minecraft.leaves":4,"stat.pickup.minecraft.cooked_beef":66,"stat.pickup.minecraft.gold_ingot":400,"stat.killEntity.Skeleton":7,"stat.pickup.grimoireofgaia.bag_book":3,"stat.killEntity.grimoireofgaia.harpy":7,"stat.pickup.minecraft.dark_oak_stairs":110,"stat.mobKills":115,"stat.drop.botania.lexicon":1,"stat.craftItem.minecraft.shears":1,"stat.useItem.minecraft.boat":4,"stat.mineBlock.minecraft.leaves":78,"stat.pickup.iceandfire.armor_gray_helmet":7,"stat.pickup.minecraft.torch":130,"stat.craftItem.hammertime.itemaxestone":1,"stat.pickup.evilcraft.werewolf_flesh":10,"stat.killEntity.firedragon":4,"stat.drop.minecraft.arrow":1,"stat.mineBlock.minecraft.stone":11}