{"stat.useItem.spartanweaponry.halberd_diamond":58,"stat.pickup.minecraft.bone":198,"stat.pickup.iceandfire.fire_dragon_flesh":7,"stat.pickup.hammertime.itemaxestone":7,"stat.leaveGame":10,"stat.pickup.minecraft.stone_pickaxe":7,"stat.pickup.jurassicraft.plant_fossil":2,"stat.pickup.evilcraft.condensed_blood":20,"stat.drop.minecraft.iron_nugget":1,"stat.pickup.jurassicraft.crickets":4,"stat.useItem.minecraft.mutton":6,"stat.pickup.zawa.worm":5,"stat.swimOneCm":59455,"stat.pickup.evilcraft.environmental_accumulation_core":1,"stat.climbOneCm":8514,"stat.useItem.spartanweaponry.rapier_iron":132,"stat.pickup.minecraft.cooked_porkchop":71,"stat.pickup.chococraft.chocobo_drumstick_raw":1,"stat.useItem.minecraft.stone_slab2":13,"stat.pickup.minecraft.bow":4,"stat.pickup.spartanweaponry.rapier_iron":8,"stat.pickup.minecraft.iron_boots":9,"stat.pickup.minecraft.rotten_flesh":8,"stat.pickup.minecraft.splash_potion":1,"stat.drop.zawa.rat_raw":1,"stat.pickup.iceandfire.chared_cobblestone":3,"stat.pickup.iceandfire.armor_red_chestplate":7,"stat.pickup.iceandfire.chain_link":133,"stat.craftItem.minecraft.stone_pickaxe":1,"stat.pickup.minecraft.cobblestone":495,"stat.entityKilledBy.cyclops":5,"stat.mineBlock.minecraft.carpet":4,"stat.flyOneCm":557769,"stat.pickup.grimoireofgaia.misc_fur":4,"stat.mineBlock.openblocks.grave":10,"stat.timeSinceDeath":3027,"stat.useItem.minecraft.spawn_egg":3,"stat.pickup.minecraft.mutton":234,"stat.entityKilledBy.grimoireofgaia.selkie":2,"stat.pickup.wolfarmor.iron_wolf_armor":7,"stat.killEntity.seaserpent":1,"stat.furnaceInteraction":1,"stat.useItem.minecraft.cooked_porkchop":13,"stat.pickup.minecraft.carpet":2,"stat.pickup.iceandfire.dragon_skull":8,"stat.mineBlock.minecraft.coal_ore":6,"stat.talkedToVillager":2,"stat.pickup.iceandfire.sea_serpent_fang":28,"stat.pickup.iceandfire.manuscript":150,"stat.pickup.minecraft.beef":39,"stat.drop.iceandfire.dragon_skull":1,"stat.pickup.minecraft.furnace":16,"stat.sprintOneCm":200589,"stat.pickup.minecraft.iron_chestplate":1,"stat.craftItem.minecraft.stick":8,"stat.entityKilledBy.dread_ghoul":2,"stat.mineBlock.minecraft.crafting_table":6,"stat.pickup.jurassicraft.disc_troodons_and_raptors":9,"stat.pickup.minecraft.emerald":8,"stat.useItem.iceandfire.dragon_skull":1,"stat.entityKilledBy.grimoireofgaia.kobold":2,"stat.useItem.minecraft.beef":1,"stat.deaths":17,"stat.mineBlock.minecraft.planks":3,"stat.pickup.zawa.fur":5,"stat.drop":5,"stat.killEntity.cyclops":1,"stat.playOneMinute":127920,"stat.killEntity.Zombie":7,"stat.pickup.zawa.care_guide":1,"stat.mineBlock.minecraft.tallgrass":2,"stat.diveOneCm":127237,"stat.pickup.iceandfire.sea_serpent_scales_blue":36,"stat.chestOpened":41,"stat.entityKilledBy.seaserpent":5,"stat.pickup.spartanweaponry.mace_iron":1,"stat.pickup.minecraft.iron_sword":16,"stat.pickup.minecraft.arrow":4,"stat.pickup.minecraft.wooden_pressure_plate":1,"stat.useItem.minecraft.apple":5,"stat.pickup.minecraft.obsidian":48,"stat.pickup.minecraft.gold_nugget":348,"stat.useItem.minecraft.potion":1,"stat.jump":1615,"stat.pickup.minecraft.iron_helmet":9,"stat.pickup.minecraft.coal":278,"stat.useItem.minecraft.experience_bottle":4,"stat.fallOneCm":42857,"stat.pickup.minecraft.iron_ingot":47,"stat.crouchOneCm":4813,"stat.mineBlock.minecraft.chest":10,"stat.pickup.minecraft.dirt":7,"stat.pickup.minecraft.experience_bottle":4,"stat.craftingTableInteraction":6,"stat.pickup.iceandfire.fire_dragon_heart":3,"stat.pickup.iceandfire.shiny_scales":39,"stat.mineBlock.minecraft.wooden_pressure_plate":1,"stat.boatOneCm":484907,"stat.brewingstandInteraction":1,"stat.damageTaken":5742,"stat.pickup.minecraft.leather":67,"stat.pickup.minecraft.feather":2,"stat.mineBlock.minecraft.furnace":2,"stat.pickup.iceandfire.dragonscales_red":12,"stat.pickup.minecraft.prismarine_shard":6,"stat.pickup.minecraft.planks":24,"stat.pickup.minecraft.iron_leggings":8,"stat.pickup.minecraft.prismarine_crystals":19,"stat.pickup.minecraft.bed":12,"stat.pickup.minecraft.wheat_seeds":6,"stat.useItem.minecraft.stone_pickaxe":16,"stat.craftItem.minecraft.iron_leggings":1,"stat.damageDealt":16127,"stat.pickup.iceandfire.chared_grass":1,"stat.sleepInBed":6,"stat.mineBlock.minecraft.dirt":6,"stat.pickup.zawa.large_meat_cooked":2,"stat.pickup.zawa.rat_raw":1,"stat.pickup.minecraft.boat":2,"stat.walkOneCm":238966,"stat.pickup.minecraft.golden_apple":1,"stat.pickup.minecraft.stick":50,"stat.pickup.minecraft.iron_nugget":2,"stat.drop.minecraft.rotten_flesh":1,"stat.mineBlock.jurassicraft.plant_fossil_block":1,"stat.useItem.minecraft.log":4,"stat.pickup.minecraft.crafting_table":13,"stat.useItem.minecraft.cobblestone":2,"stat.craftItem.minecraft.boat":2,"stat.pickup.hammertime.itemhammerstone":7,"stat.pickup.minecraft.log":253,"stat.pickup.wolfarmor.gold_wolf_armor":5,"stat.entityKilledBy.grimoireofgaia.minotaurus":1,"stat.pickup.usefulbackpacks.backpack":7,"stat.craftItem.minecraft.gold_ingot":38,"stat.useItem.zawa.large_meat_cooked":2,"stat.pickup.iceandfire.dragonscales_gray":26,"stat.pickup.minecraft.apple":8,"stat.pickup.minecraft.gold_ingot":266,"stat.killEntity.Skeleton":5,"stat.mineBlock.iceandfire.goldpile":68,"stat.useItem.minecraft.iron_sword":46,"stat.craftItem.minecraft.planks":12,"stat.killEntity.grimoireofgaia.harpy":1,"stat.mobKills":27,"stat.pickup.minecraft.book":21,"stat.mineBlock.minecraft.log":4,"stat.drop.botania.lexicon":1,"stat.pickup.iceandfire.dragonbone":55,"stat.useItem.minecraft.boat":4,"stat.pickup.jurassicraft.twig_fossil":21,"stat.mineBlock.minecraft.leaves":8,"stat.sneakTime":3068,"stat.pickup.minecraft.wool":5,"stat.pickup.evilcraft.werewolf_flesh":4,"stat.killEntity.firedragon":4,"stat.killEntity.siren":3,"stat.pickup.minecraft.stone_slab":5,"stat.killEntity.grimoireofgaia.minotaurus":3,"stat.pickup.minecraft.chest":80}