{"stat.drop.iceandfire.armor_red_helmet":2,"stat.pickup.minecraft.wooden_slab":23,"stat.pickup.iceandfire.fire_dragon_flesh":30,"stat.leaveGame":30,"stat.pickup.jurassicraft.plant_fossil":13,"stat.killEntity.Parrot":1,"stat.drop.minecraft.redstone":4,"stat.pickup.jurassicraft.crickets":100,"stat.killEntity.grimoireofgaia.centaur":3,"stat.drop.minecraft.enchanted_book":1,"stat.pickup.zawa.worm":25,"stat.pickup.botania.manasteelhelm":1,"stat.mineBlock.minecraft.web":83,"stat.drop.minecraft.feather":2,"stat.pickup.minecraft.rotten_flesh":274,"stat.craftItem.evilcraft.bowl_of_promises":2,"stat.useItem.chococraft.chocobo_drumstick_raw":1,"stat.killEntity.Donkey":4,"stat.pickup.iceandfire.chared_cobblestone":3,"stat.pickup.minecraft.bucket":19,"stat.killEntity.Enderman":6,"stat.entityKilledBy.grimoireofgaia.mermaid":1,"stat.mineBlock.minecraft.wooden_slab":6,"stat.pickup.evilcraft.reinforced_undead_plank":1,"stat.pickup.zawa.reptile_hide":2,"stat.entityKilledBy.artifacts.mimic":3,"stat.pickup.grimoireofgaia.misc_fur":4,"stat.killEntity.grimoireofgaia.dwarf":3,"stat.mineBlock.zawa.legume":1,"stat.craftItem.wings.evil_wings":2,"stat.killEntity.Witch":3,"stat.pickup.artifacts.lucky_horseshoe":4,"stat.pickup.iceandfire.armor_red_boots":20,"stat.mineBlock.openblocks.grave":72,"stat.killEntity.grimoireofgaia.creep":3,"stat.craftItem.evilcraft.dark_power_gem_block":1,"stat.craftItem.iceandfire.silver_ingot":4,"stat.useItem.minecraft.iron_pickaxe":1316,"stat.entityKilledBy.grimoireofgaia.selkie":2,"stat.useItem.minecraft.iron_shovel":1,"stat.drop.minecraft.cooked_mutton":1,"stat.pickup.minecraft.double_plant":21,"stat.useItem.evilcraft.undead_sapling":6,"stat.pickup.zawa.golden_sparks":6,"stat.mineBlock.chisel.marble2":7,"stat.mineBlock.minecraft.sticky_piston":8,"stat.furnaceInteraction":104,"stat.mineBlock.jurassicraft.fossilized_trackway":1,"stat.mineBlock.minecraft.rail":1,"stat.mineBlock.botania.flower":87,"stat.mineBlock.jurassicraft.phoenix_log_petrified":1,"stat.craftItem.spartanweaponry.material":8,"stat.killEntity.grimoireofgaia.ender_eye":3,"stat.pickup.bountifulbaubles.shieldcobalt":12,"stat.killEntity.grimoireofgaia.satyress":6,"stat.pickup.iceandfire.manuscript":222,"stat.craftItem.evilcraft.dark_stick":4,"stat.pickup.botania.manasteelboots":1,"stat.pickup.botania.livingwood":102,"stat.pickup.minecraft.beef":396,"stat.pickup.zawa.large_meat_raw":28,"stat.useItem.minecraft.trapdoor":69,"stat.entityKilledBy.dread_ghoul":2,"stat.pickup.mca.rose_gold_ore":100,"stat.craftItem.botania.pool":1,"stat.entityKilledBy.grimoireofgaia.bone_knight":2,"stat.pickup.minecraft.potion":10,"stat.entityKilledBy.grimoireofgaia.dwarf":2,"stat.useItem.minecraft.flint_and_steel":2,"stat.craftItem.zawa.carnivore_meat_cooked":1,"stat.useItem.minecraft.wheat_seeds":31,"stat.pickup.grimoireofgaia.box_gold":3,"stat.pickup.minecraft.emerald":37,"stat.useItem.botania.twigwand":130,"stat.mineBlock.jurassicraft.amber_ore":7,"stat.useItem.iceandfire.dragon_skull":1,"stat.useItem.minecraft.dye":64,"stat.entityKilledBy.grimoireofgaia.kobold":2,"stat.craftItem.hammertime.itemshoveliron":2,"stat.useItem.minecraft.beef":1,"stat.deaths":141,"stat.pickup.zawa.fur":124,"stat.pickup.minecraft.egg":6,"stat.pickup.evilcraft.vengeance_ring":1,"stat.pickup.zawa.peach_flower":6,"stat.craftItem.minecraft.iron_pickaxe":1,"stat.pickup.zawa.care_guide":1,"stat.drop.minecraft.iron_ingot":102,"stat.pickup.chisel.marble2":59,"stat.craftItem.botania.livingwood":8,"stat.mineBlock.minecraft.tallgrass":52,"stat.craftItem.minecraft.cooked_mutton":71,"stat.entityKilledBy.grimoireofgaia.creep":1,"stat.pickup.minecraft.cooked_mutton":119,"stat.mineBlock.evilcraft.sanguinary_pedestal":1,"stat.chestOpened":607,"stat.craftItem.minecraft.sign":3,"stat.pickup.botania.mushroom":3,"stat.useItem.minecraft.stone":16,"stat.pickup.minecraft.iron_sword":52,"stat.pickup.minecraft.arrow":177,"stat.pickup.botania.manasteellegs":1,"stat.pickup.minecraft.wooden_pressure_plate":3,"stat.killEntity.Vex":5,"stat.killEntity.grimoireofgaia.cecaelia":1,"stat.pickup.minecraft.gold_nugget":453,"stat.entityKilledBy.Vex":3,"stat.drop.minecraft.iron_pickaxe":2,"stat.mineBlock.botania.mushroom":1,"stat.pickup.zawa.tiger_fur":4,"stat.pickup.botania.lexicon":1,"stat.craftItem.evilcraft.dark_spike":16,"stat.pickup.minecraft.carrot":8,"stat.craftItem.botania.opencrate":1,"stat.drop.mca.book_rose_gold":2,"stat.useItem.evilcraft.undead_plank":1,"stat.crouchOneCm":163279,"stat.mineBlock.minecraft.chest":13,"stat.pickup.minecraft.rail":53,"stat.pickup.grimoireofgaia.pickup_heart":4,"stat.craftItem.minecraft.iron_ingot":212,"stat.pickup.evilcraft.hardened_blood_shard":33,"stat.craftingTableInteraction":129,"stat.mineBlock.minecraft.wooden_pressure_plate":3,"stat.pickup.iceandfire.silver_ore":74,"stat.pickup.minecraft.repeater":8,"stat.mineBlock.evilcraft.undead_log":14,"stat.useItem.minecraft.dark_oak_fence":28,"stat.drop.iceandfire.tide_trident":3,"stat.pickup.minecraft.dye":63,"stat.pickup.minecraft.planks":479,"stat.pickup.iceandfire.tide_trident":1,"stat.pickup.chisel.limestone2":29,"stat.craftItem.iceandfire.tide_trident":1,"stat.pickup.minecraft.wheat_seeds":88,"stat.drop.jurassicraft.crickets":9,"stat.killEntity.grimoireofgaia.flesh_lich":1,"stat.pickup.evilcraft.purifier":2,"stat.pickup.openblocks.technicolor_glasses":1,"stat.mineBlock.minecraft.dirt":144,"stat.craftItem.evilcraft.dark_tank":7,"stat.craftItem.botania.manasteelboots":1,"stat.pickup.evilcraft.origins_of_darkness":5,"stat.useItem.minecraft.bread":11,"stat.mineBlock.iceandfire.silver_ore":27,"stat.pickup.evilcraft.vengeance_pickaxe":19,"stat.drop.minecraft.rotten_flesh":5,"stat.craftItem.evilcraft.vengeance_pickaxe":1,"stat.useItem.minecraft.cobblestone":459,"stat.useItem.minecraft.gravel":39,"stat.mineBlock.minecraft.double_plant":4,"stat.pickup.botania.flowerbag":5,"stat.drop.spartanweaponry.halberd_diamond":4,"stat.pickup.botania.blacklotus":1,"stat.drop.minecraft.chicken":2,"stat.pickup.minecraft.iron_pickaxe":49,"stat.mineBlock.evilcraft.hardened_blood":20,"stat.craftItem.minecraft.gold_ingot":92,"stat.pickup.minecraft.chicken":9,"stat.drop.minecraft.gold_nugget":20,"stat.pickup.minecraft.tipped_arrow":45,"stat.pickup.minecraft.apple":14,"stat.pickup.jurassicraft.araucaria_log_petrified":3,"stat.pickup.evilcraft.dark_tank":36,"stat.drop.minecraft.fish":1,"stat.craftItem.futureminecraf.campfire":2,"stat.craftItem.minecraft.bucket":1,"stat.useItem.minecraft.iron_sword":877,"stat.craftItem.minecraft.planks":1120,"stat.pickup.minecraft.book":31,"stat.useItem.minecraft.stonebrick":3,"stat.drop.evilcraft.colossal_blood_chest":2,"stat.mineBlock.minecraft.log":65,"stat.pickup.iceandfire.dragonbone":139,"stat.pickup.jurassicraft.twig_fossil":24,"stat.pickup.minecraft.red_flower":21,"stat.drop.botania.twigwand":1,"stat.pickup.iceandfire.troll_weapon.column_forest":2,"stat.pickup.minecraft.wool":27,"stat.killEntity.siren":3,"stat.mineBlock.botania.opencrate":6,"stat.mineBlock.evilcraft.dark_tank":11,"stat.pickup.minecraft.lingering_potion":1,"stat.killEntity.grimoireofgaia.banshee":7,"stat.craftItem.spartanweaponry.halberd_diamond":1,"stat.useItem.minecraft.iron_axe":476,"stat.mineBlock.minecraft.cobblestone":33,"stat.pickup.minecraft.stone_pickaxe":10,"stat.pickup.minecraft.flint":35,"stat.entityKilledBy.grimoireofgaia.cecaelia":3,"stat.craftItem.minecraft.wool":1,"stat.craftItem.zawa.reptile_meat_cooked":1,"stat.drop.zawa.large_meat_cooked":2,"stat.craftItem.evilcraft.undead_plank":4,"stat.craftItem.evilcraft.purifier":2,"stat.pickup.minecraft.enchanted_book":3,"stat.useItem.spartanweaponry.rapier_iron":208,"stat.pickup.minecraft.cooked_porkchop":80,"stat.pickup.minecraft.sticky_piston":16,"stat.pickup.wings.fairy_dust":95,"stat.craftItem.botania.manasteelhelm":1,"stat.useItem.minecraft.stone_slab2":278,"stat.pickup.minecraft.bow":12,"stat.pickup.minecraft.iron_boots":12,"stat.pickup.minecraft.map":2,"stat.pickup.grimoireofgaia.deco_nest_harpy":1,"stat.useItem.minecraft.egg":1,"stat.pickup.iceandfire.chain_link":133,"stat.craftItem.minecraft.cooked_beef":112,"stat.pickup.minecraft.shears":4,"stat.drop.iceandfire.armor_red_boots":2,"stat.flyOneCm":3486089,"stat.pickup.minecraft.fish":14,"stat.timeSinceDeath":49997,"stat.useItem.minecraft.wooden_slab":193,"stat.killEntity.grimoireofgaia.chest":3,"stat.drop.iceandfire.armor_gray_boots":1,"stat.mineBlock.botania.livingwood":7,"stat.craftItem.minecraft.iron_block":1,"stat.killEntity.Bat":2,"stat.pickup.evilcraft.blood_stained_block":1,"stat.killEntity.seaserpent":1,"stat.mineBlock.minecraft.enchanting_table":1,"stat.killEntity.Wolf":1,"stat.mineBlock.minecraft.coal_ore":375,"stat.pickup.zawa.bush_meat_cooked":1,"stat.killEntity.Creeper":29,"stat.talkedToVillager":2,"stat.pickup.iceandfire.sea_serpent_fang":53,"stat.pickup.botania.manaresource":108,"stat.pickup.minecraft.string":342,"stat.drop.botania.livingwood":5,"stat.pickup.jurassicraft.fossilized_trackway":1,"stat.drop.usefulbackpacks.backpack":1,"stat.pickup.grimoireofgaia.food_root":6,"stat.entityKilledBy.Skeleton":7,"stat.pickup.zawa.reptile_meat_raw":2,"stat.sprintOneCm":2930222,"stat.drop.minecraft.leather":2,"stat.mineBlock.minecraft.stone_slab":4,"stat.craftItem.props.clay":192,"stat.craftItem.botania.manasteellegs":1,"stat.mineBlock.minecraft.diamond_ore":18,"stat.craftItem.evilcraft.blood_extractor":7,"stat.pickup.jurassicraft.disc_troodons_and_raptors":13,"stat.craftItem.evilcraft.vengeance_ring":4,"stat.craftItem.iceandfire.armor_gray_helmet":3,"stat.craftItem.minecraft.wooden_pressure_plate":1,"stat.pickup.grimoireofgaia.misc_pearl":2,"stat.killEntity.Zombie":133,"stat.craftItem.minecraft.dye":83,"stat.mineBlock.minecraft.gold_ore":32,"stat.diveOneCm":219531,"stat.pickup.minecraft.wheat":56,"stat.entityKilledBy.seaserpent":5,"stat.pickup.iceandfire.troll_leather_mountain":2,"stat.pickup.minecraft.sign":2,"stat.pickup.iceandfire.dragonscales_bronze":67,"stat.craftItem.minecraft.cooked_porkchop":4,"stat.pickup.minecraft.stone_axe":1,"stat.craftItem.botania.altar":1,"stat.mineBlock.jurassicraft.araucaria_log_petrified":3,"stat.pickup.minecraft.obsidian":66,"stat.killEntity.grimoireofgaia.vase":3,"stat.useItem.minecraft.rotten_flesh":150,"stat.craftItem.iceandfire.blindfold":2,"stat.jump":17151,"stat.useItem.minecraft.sand":1,"stat.pickup.minecraft.coal":1741,"stat.pickup.minecraft.iron_ingot":452,"stat.pickup.minecraft.gunpowder":118,"stat.craftItem.minecraft.torch":36,"stat.pickup.minecraft.dirt":2528,"stat.pickup.evilcraft.dark_gem_crushed":142,"stat.mineBlock.wings.amethyst_ore":10,"stat.pickup.artifacts.cobalt_shield":3,"stat.pickup.iceandfire.fire_dragon_heart":8,"stat.pickup.minecraft.stone_shovel":1,"stat.useItem.minecraft.sapling":17,"stat.pickup.minecraft.gold_ore":150,"stat.mineBlock.minecraft.lapis_ore":5,"stat.pickup.minecraft.iron_axe":66,"stat.brewingstandInteraction":1,"stat.damageTaken":54801,"stat.mineBlock.minecraft.red_flower":12,"stat.mineBlock.minecraft.torch":16,"stat.pickup.grimoireofgaia.box":1,"stat.mineBlock.minecraft.melon_block":1,"stat.mineBlock.minecraft.sapling":4,"stat.pickup.minecraft.log2":198,"stat.mineBlock.evilcraft.undead_sapling":2,"stat.mineBlock.futureminecraf.campfire":3,"stat.pickup.minecraft.bed":17,"stat.pickup.artifacts.thorn_pendant":48,"stat.killEntity.hippogryph":2,"stat.killEntity.grimoireofgaia.spriggan":1,"stat.useItem.forge.bucketfilled":14,"stat.pickup.minecraft.potato":12,"stat.entityKilledBy.Zombie":4,"stat.mineBlock.futureminecraf.berrybushstage3":2,"stat.mineBlock.futureminecraf.berrybushstage2":1,"stat.pickup.botania.altar":2,"stat.pickup.iceandfire.chared_grass":1,"stat.pickup.artifacts.shock_pendant":2,"stat.pickup.evilcraft.dark_power_gem":17,"stat.drop.botania.petal":48,"stat.craftItem.minecraft.stone_slab":6,"stat.useItem.minecraft.chest":3,"stat.mineBlock.evilcraft.purifier":2,"stat.mineBlock.grimoireofgaia.deco_nest_harpy":1,"stat.pickup.iceandfire.armor_gray_chestplate":6,"stat.craftItem.evilcraft.blood_infuser":1,"stat.drop.iceandfire.troll_weapon.column":1,"stat.pickup.wings.evil_wings":38,"stat.pickup.evilcraft.vengeance_focus":1,"stat.pickup.bountifulbaubles.potionrecall":3,"stat.useItem.minecraft.melon":7,"stat.pickup.wolfarmor.gold_wolf_armor":6,"stat.pickup.wolfarmor.diamond_wolf_armor":3,"stat.craftItem.evilcraft.promise":2,"stat.killEntity.if_troll":3,"stat.useItem.zawa.large_meat_cooked":2,"stat.pickup.minecraft.ender_pearl":8,"stat.pickup.minecraft.cooked_beef":227,"stat.pickup.grimoireofgaia.bag_book":4,"stat.mineBlock.minecraft.stonebrick":1,"stat.killEntity.grimoireofgaia.harpy":22,"stat.pickup.minecraft.dark_oak_stairs":116,"stat.mobKills":609,"stat.drop.botania.lexicon":1,"stat.craftItem.minecraft.shears":1,"stat.pickup.botania.floatingspecialflower":1,"stat.pickup.iceandfire.gorgon_head":1,"stat.useItem.minecraft.boat":4,"stat.craftItem.botania.spreader":1,"stat.pickup.props.props":1,"stat.pickup.minecraft.diamond":42,"stat.pickup.iceandfire.armor_gray_helmet":18,"stat.pickup.minecraft.beetroot_seeds":4,"stat.mineBlock.wings.fairy_dust_ore":35,"stat.pickup.minecraft.torch":1880,"stat.pickup.wings.amethyst":13,"stat.craftItem.hammertime.itemaxestone":1,"stat.pickup.evilcraft.werewolf_flesh":32,"stat.killEntity.firedragon":8,"stat.drop.minecraft.arrow":1,"stat.mineBlock.zawa.peach_flower":2,"stat.pickup.mowziesmobs.naga_fang":4,"stat.pickup.botania.livingrock":48,"stat.useItem.iceandfire.fire_dragon_flesh":1,"stat.pickup.minecraft.deadbush":177,"stat.pickup.grimoireofgaia.misc_soul_fire":10,"stat.pickup.iceandfire.armor_red_helmet":22,"stat.craftItem.minecraft.iron_axe":3,"stat.pickup.evilcraft.condensed_blood":56,"stat.useItem.minecraft.mutton":9,"stat.drop.minecraft.trapdoor":2,"stat.pickup.evilcraft.environmental_accumulation_core":1,"stat.useItem.minecraft.planks":693,"stat.craftItem.botania.manasteelchest":1,"stat.pickup.minecraft.porkchop":31,"stat.pickup.minecraft.glass":48,"stat.craftItem.evilcraft.blood_infusion_core":3,"stat.useItem.minecraft.water_bucket":40,"stat.mineBlock.minecraft.stone_brick_stairs":1,"stat.pickup.minecraft.sand":220,"stat.craftItem.minecraft.dark_oak_fence":30,"stat.useItem.futureminecraf.campfire":1,"stat.entityKilledBy.Spider":1,"stat.pickup.minecraft.splash_potion":10,"stat.pickup.iceandfire.armor_red_chestplate":25,"stat.pickup.iceandfire.troll_leather_forest":57,"stat.pickup.minecraft.name_tag":1,"stat.entityKilledBy.cyclops":5,"stat.pickup.minecraft.wooden_hoe":1,"stat.pickup.minecraft.activator_rail":2,"stat.entityKilledBy.firedragon":14,"stat.mineBlock.minecraft.sand":2,"stat.pickup.iceandfire.ash":2,"stat.pickup.botania.manasteelchest":1,"stat.craftItem.minecraft.cooked_fish":2,"stat.drop.wings.evil_wings":1,"stat.drop.minecraft.diamond":15,"stat.useItem.minecraft.spawn_egg":3,"stat.drop.evilcraft.vengeance_pickaxe":1,"stat.pickup.evilcraft.undead_sapling":17,"stat.entityKilledBy.grimoireofgaia.satyress":1,"stat.pickup.wolfarmor.iron_wolf_armor":7,"stat.useItem.minecraft.oak_stairs":24,"stat.mineBlock.minecraft.dark_oak_stairs":65,"stat.pickup.iceandfire.dragon_skull":14,"stat.useItem.minecraft.dark_oak_stairs":244,"stat.pickup.mca.book_rose_gold":1,"stat.pickup.evilcraft.bowl_of_promises":5,"stat.pickup.hammertime.itemshoveliron":48,"stat.entityKilledBy.grimoireofgaia.harpy":22,"stat.drop.iceandfire.dragon_skull":2,"stat.pickup.minecraft.furnace":22,"stat.useItem.minecraft.cooked_mutton":56,"stat.useItem.minecraft.redstone":8,"stat.pickup.minecraft.iron_chestplate":4,"stat.pickup.minecraft.skull":25,"stat.killEntity.Horse":1,"stat.pickup.minecraft.pumpkin_seeds":4,"stat.playOneMinute":1399453,"stat.pickup.iceandfire.armor_gray_leggings":34,"stat.pickup.minecraft.dispenser":2,"stat.pickup.iceandfire.sea_serpent_scales_blue":63,"stat.pickup.botania.opencrate":5,"stat.mineBlock.botania.specialflower":13,"stat.pickup.hammertime.itemaxeiron":15,"stat.useItem.minecraft.fish":1,"stat.pickup.spartanweaponry.mace_iron":4,"stat.mineBlock.minecraft.dispenser":2,"stat.craftItem.iceandfire.armor_red_helmet":2,"stat.craftItem.minecraft.dark_oak_stairs":228,"stat.pickup.minecraft.detector_rail":6,"stat.useItem.minecraft.experience_bottle":4,"stat.fallOneCm":243033,"stat.pickup.minecraft.melon_seeds":4,"stat.drop.minecraft.book":1,"stat.pickup.minecraft.red_mushroom":4,"stat.pickup.minecraft.golden_leggings":1,"stat.pickup.minecraft.melon":7,"stat.mineBlock.evilcraft.undead_plank":22,"stat.pickup.jurassicraft.gypsum_powder":4,"stat.craftItem.iceandfire.armor_gray_leggings":3,"stat.pickup.minecraft.feather":37,"stat.drop.minecraft.bone":2,"stat.pickup.minecraft.record_cat":2,"stat.pickup.jurassicraft.disc_dont_move_a_muscle":3,"stat.useItem.minecraft.furnace":1,"stat.pickup.iceandfire.dragonscales_red":41,"stat.craftItem.mca.rose_gold_ingot":55,"stat.killEntity.grimoireofgaia.horse":2,"stat.pickup.minecraft.iron_leggings":11,"stat.pickup.botania.twigwand":23,"stat.mineBlock.minecraft.gravel":41,"stat.useItem.minecraft.stone_pickaxe":36,"stat.craftItem.minecraft.iron_leggings":1,"stat.pickup.zawa.dried_bamboo":1,"stat.killEntity.Rabbit":1,"stat.killEntity.grimoireofgaia.bone_knight":2,"stat.craftItem.iceandfire.armor_gray_boots":2,"stat.craftItem.minecraft.oak_stairs":24,"stat.mineBlock.evilcraft.reinforced_undead_plank":1,"stat.pickup.zawa.large_meat_cooked":14,"stat.useItem.zawa.carnivore_meat_raw":1,"stat.pickup.botania.specialflower":23,"stat.pickup.minecraft.flint_and_steel":8,"stat.pickup.jurassicraft.disc_jurassicraft_theme":1,"stat.useItem.minecraft.torch":67,"stat.pickup.minecraft.golden_apple":7,"stat.pickup.minecraft.iron_nugget":136,"stat.useItem.minecraft.log":306,"stat.pickup.minecraft.crafting_table":16,"stat.useItem.futureminecraf.unlitcampfire":42,"stat.killEntity.grimoireofgaia.arachne":1,"stat.craftItem.minecraft.boat":2,"stat.craftItem.evilcraft.dark_block":3,"stat.mineBlock.minecraft.emerald_ore":13,"stat.pickup.minecraft.redstone_block":9,"stat.pickup.minecraft.log":967,"stat.useItem.botania.specialflower":13,"stat.useItem.minecraft.cooked_fish":2,"stat.craftItem.zawa.large_meat_cooked":10,"stat.killEntity.grimoireofgaia.gryphon":1,"stat.pickup.usefulbackpacks.backpack":67,"stat.craftItem.usefulbackpacks.backpack":4,"stat.drop.minecraft.planks":2,"stat.pickup.mca.rose_gold_ingot":10,"stat.mineBlock.zawa.bellflowers":1,"stat.pickup.zawa.bellflowers":4,"stat.pickup.minecraft.sapling":68,"stat.pickup.iceandfire.dragonscales_gray":68,"stat.craftItem.iceandfire.bestiary":1,"stat.pickup.iceandfire.armor_gray_boots":7,"stat.useItem.iceandfire.troll_weapon.column":1,"stat.mineBlock.iceandfire.goldpile":68,"stat.killEntity.PolarBear":3,"stat.pickup.evilcraft.promise":1,"stat.craftItem.evilcraft.vengeance_focus":2,"stat.craftItem.minecraft.cooked_chicken":1,"stat.pickup.bountifulbaubles.trinketbezoar":2,"stat.mineBlock.futureminecraf.unlitcampfire":1,"stat.sneakTime":58841,"stat.pickup.evilcraft.sanguinary_pedestal":1,"stat.craftItem.botania.twigwand":1,"stat.pickup.jurassicraft.calamites_log_petrified":4,"stat.pickup.minecraft.stone_slab":19,"stat.pickup.minecraft.yellow_flower":2,"stat.entityKilledBy.grimoireofgaia.centaur":1,"stat.pickup.minecraft.golden_rail":4,"stat.killEntity.grimoireofgaia.minotaurus":26,"stat.pickup.minecraft.chest":119,"stat.useItem.minecraft.web":4,"stat.craftItem.iceandfire.lectern":1,"stat.drop.iceandfire.blindfold":1,"stat.useItem.spartanweaponry.halberd_diamond":1627,"stat.pickup.minecraft.bone":401,"stat.pickup.hammertime.itemaxestone":12,"stat.pickup.evilcraft.blood_extractor":34,"stat.craftItem.botania.petal":48,"stat.drop.minecraft.iron_nugget":4,"stat.pickup.iceandfire.troll_weapon.axe":7,"stat.swimOneCm":428721,"stat.climbOneCm":10643,"stat.pickup.jurassicraft.amber":16,"stat.mineBlock.botania.floatingspecialflower":1,"stat.mineBlock.evilcraft.dark_ore":60,"stat.craftItem.minecraft.gold_block":1,"stat.pickup.chococraft.chocobo_drumstick_raw":4,"stat.useItem.minecraft.dirt":987,"stat.pickup.spartanweaponry.rapier_iron":11,"stat.useItem.iceandfire.troll_weapon.axe":1,"stat.drop.evilcraft.werewolf_flesh":8,"stat.pickup.zawa.carnivore_meat_raw":5,"stat.killEntity.artifacts.mimic":8,"stat.pickup.minecraft.enchanting_table":1,"stat.drop.zawa.rat_raw":1,"stat.mineBlock.zawa.dried_bamboo":1,"stat.craftItem.minecraft.trapdoor":50,"stat.craftItem.minecraft.stone_pickaxe":1,"stat.pickup.minecraft.cobblestone":4661,"stat.mineBlock.minecraft.carpet":4,"stat.mineBlock.minecraft.redstone_block":4,"stat.mineBlock.chisel.limestone2":1,"stat.drop.minecraft.wheat_seeds":15,"stat.craftItem.minecraft.wooden_slab":198,"stat.useItem.minecraft.cooked_beef":120,"stat.pickup.minecraft.redstone":251,"stat.mineBlock.minecraft.iron_ore":196,"stat.useItem.minecraft.sign":2,"stat.pickup.minecraft.mutton":383,"stat.drop.minecraft.coal":57,"stat.pickup.minecraft.stonebrick":20,"stat.drop.minecraft.dirt":10,"stat.useItem.minecraft.cooked_porkchop":17,"stat.pickup.minecraft.iron_shovel":1,"stat.pickup.minecraft.carpet":2,"stat.pickup.minecraft.trapdoor":27,"stat.drop.evilcraft.dark_gem":16,"stat.killEntity.grimoireofgaia.mermaid":1,"stat.craftItem.minecraft.stone_slab2":0,"stat.pickup.botania.petal":10,"stat.craftItem.botania.manaresource":3,"stat.pickup.minecraft.paper":22,"stat.useItem.botania.lexicon":1,"stat.craftItem.minecraft.stick":52,"stat.pickup.spartanweaponry.saber_gold":1,"stat.craftItem.minecraft.stone":13,"stat.pickup.minecraft.grass":5,"stat.mineBlock.minecraft.crafting_table":7,"stat.pickup.evilcraft.undead_plank":28,"stat.useItem.minecraft.carrot":1,"stat.craftItem.iceandfire.armor_gray_chestplate":1,"stat.pickup.minecraft.golden_horse_armor":1,"stat.pickup.chococraft.gysahl_green_seeds":2,"stat.pickup.botania.flower":11,"stat.entityKilledBy.Creeper":4,"stat.mineBlock.minecraft.planks":341,"stat.drop":370,"stat.killEntity.cyclops":1,"stat.killEntity.Sheep":22,"stat.pickup.artifacts.bottled_cloud":45,"stat.drop.minecraft.bread":1,"stat.pickup.evilcraft.colossal_blood_chest":3,"stat.pickup.evilcraft.box_of_eternal_closure":3,"stat.mineBlock.botania.doubleflower2":5,"stat.mineBlock.botania.doubleflower1":4,"stat.pickup.minecraft.gravel":135,"stat.drop.minecraft.cooked_beef":2,"stat.useItem.minecraft.apple":12,"stat.pickup.jurassicraft.psaronius_log_petrified":2,"stat.useItem.minecraft.potion":1,"stat.pickup.minecraft.stone_brick_stairs":1,"stat.pickup.minecraft.fence":21,"stat.pickup.minecraft.iron_helmet":12,"stat.pickup.iceandfire.troll_weapon.column":3,"stat.entityKilledBy.CaveSpider":2,"stat.drop.evilcraft.blood_extractor":1,"stat.pickup.minecraft.spider_eye":81,"stat.pickup.minecraft.experience_bottle":9,"stat.useItem.zawa.reptile_meat_cooked":1,"stat.pickup.minecraft.iron_ore":559,"stat.pickup.evilcraft.dark_spike":78,"stat.pickup.iceandfire.shiny_scales":75,"stat.mineBlock.mca.rose_gold_ore":51,"stat.boatOneCm":484907,"stat.craftItem.minecraft.flint_and_steel":1,"stat.pickup.minecraft.leaves":6,"stat.mineBlock.minecraft.leaves2":9,"stat.drop.zawa.worm":1,"stat.pickup.minecraft.leather":272,"stat.mineBlock.minecraft.furnace":3,"stat.dispenserInspected":11,"stat.pickup.minecraft.prismarine_shard":15,"stat.pickup.evilcraft.dark_gem":271,"stat.pickup.minecraft.prismarine_crystals":34,"stat.killEntity.CaveSpider":28,"stat.pickup.minecraft.oak_stairs":5,"stat.damageDealt":191626,"stat.craftItem.minecraft.glass":21,"stat.sleepInBed":16,"stat.killEntity.Cow":43,"stat.useItem.botania.floatingspecialflower":3,"stat.pickup.minecraft.minecart":4,"stat.killEntity.Pig":5,"stat.craftItem.hammertime.itemaxeiron":1,"stat.pickup.zawa.rat_raw":1,"stat.craftItem.minecraft.iron_sword":1,"stat.craftItem.hammertime.itemshovelstone":1,"stat.pickup.minecraft.boat":2,"stat.pickup.grimoireofgaia.food_meat":3,"stat.walkOneCm":3384309,"stat.playerKills":2,"stat.pickup.evilcraft.undead_log":14,"stat.pickup.minecraft.stick":423,"stat.mineBlock.jurassicraft.plant_fossil_block":16,"stat.craftItem.evilcraft.sanguinary_pedestal":2,"stat.pickup.zawa.legume":4,"stat.pickup.hammertime.itemhammerstone":21,"stat.mineBlock.botania.altar":2,"stat.craftItem.botania.flowerbag":1,"stat.mineBlock.jurassicraft.calamites_log_petrified":1,"stat.mineBlock.zawa.golden_sparks":2,"stat.pickup.minecraft.tnt":3,"stat.entityKilledBy.grimoireofgaia.minotaurus":31,"stat.pickup.minecraft.stone":102,"stat.killEntity.grimoireofgaia.dullahan":6,"stat.useItem.minecraft.leaves":4,"stat.useItem.evilcraft.vengeance_pickaxe":108,"stat.pickup.minecraft.gold_ingot":412,"stat.killEntity.Skeleton":72,"stat.killEntity.Chicken":1,"stat.mineBlock.minecraft.redstone_torch":1,"stat.killEntity.Spider":40,"stat.pickup.minecraft.bread":14,"stat.mineBlock.evilcraft.colossal_blood_chest":3,"stat.craftItem.iceandfire.armor_red_boots":2,"stat.killEntity.Mule":2,"stat.pickup.jurassicraft.phoenix_log_petrified":2,"stat.pickup.minecraft.water_bucket":26,"stat.mineBlock.minecraft.leaves":92,"stat.mineBlock.minecraft.redstone_ore":30,"stat.pickup.spartanweaponry.halberd_diamond":39,"stat.mineBlock.minecraft.stone":403}