{"stat.chestOpened":10,"stat.pickup.iceandfire.fire_dragon_heart":3,"stat.useItem.spartanweaponry.halberd_diamond":58,"stat.walkOneCm":13729,"stat.pickup.iceandfire.fire_dragon_flesh":7,"stat.useItem.minecraft.iron_sword":23,"stat.leaveGame":8,"stat.pickup.minecraft.leather":1,"stat.damageTaken":182,"stat.pickup.iceandfire.chared_cobblestone":3,"stat.pickup.iceandfire.dragonscales_red":12,"stat.pickup.iceandfire.dragon_skull":5,"stat.mobKills":4,"stat.useItem.iceandfire.dragon_skull":1,"stat.pickup.iceandfire.dragonbone":21,"stat.pickup.jurassicraft.crickets":4,"stat.flyOneCm":111426,"stat.pickup.minecraft.wheat_seeds":4,"stat.pickup.zawa.fur":5,"stat.drop":1,"stat.jump":48,"stat.playOneMinute":21139,"stat.pickup.minecraft.beef":6,"stat.drop.iceandfire.dragon_skull":1,"stat.sneakTime":371,"stat.damageDealt":6148,"stat.pickup.iceandfire.chared_grass":1,"stat.crouchOneCm":347,"stat.killEntity.firedragon":4,"stat.timeSinceDeath":21139,"stat.pickup.zawa.care_guide":1,"stat.useItem.zawa.large_meat_cooked":1,"stat.sprintOneCm":3034,"stat.useItem.minecraft.spawn_egg":3,"stat.pickup.zawa.large_meat_cooked":2,"stat.pickup.iceandfire.dragonscales_gray":26}