{"stat.useItem.spartanweaponry.halberd_diamond":58,"stat.pickup.minecraft.bone":250,"stat.pickup.iceandfire.fire_dragon_flesh":7,"stat.pickup.hammertime.itemaxestone":9,"stat.leaveGame":10,"stat.pickup.minecraft.stone_pickaxe":9,"stat.pickup.jurassicraft.plant_fossil":2,"stat.pickup.evilcraft.condensed_blood":20,"stat.drop.minecraft.iron_nugget":1,"stat.pickup.jurassicraft.crickets":4,"stat.useItem.minecraft.mutton":9,"stat.pickup.zawa.worm":5,"stat.swimOneCm":59738,"stat.pickup.evilcraft.environmental_accumulation_core":1,"stat.climbOneCm":8514,"stat.useItem.minecraft.planks":120,"stat.useItem.spartanweaponry.rapier_iron":143,"stat.pickup.minecraft.cooked_porkchop":77,"stat.pickup.chococraft.chocobo_drumstick_raw":3,"stat.useItem.minecraft.stone_slab2":15,"stat.pickup.minecraft.bow":4,"stat.pickup.spartanweaponry.rapier_iron":10,"stat.pickup.minecraft.iron_boots":11,"stat.pickup.minecraft.rotten_flesh":8,"stat.pickup.minecraft.splash_potion":3,"stat.drop.zawa.rat_raw":1,"stat.pickup.iceandfire.chared_cobblestone":3,"stat.pickup.iceandfire.armor_red_chestplate":9,"stat.pickup.iceandfire.chain_link":133,"stat.craftItem.minecraft.stone_pickaxe":1,"stat.pickup.minecraft.cobblestone":631,"stat.entityKilledBy.cyclops":5,"stat.mineBlock.minecraft.carpet":4,"stat.flyOneCm":624967,"stat.pickup.grimoireofgaia.misc_fur":4,"stat.entityKilledBy.firedragon":7,"stat.mineBlock.openblocks.grave":12,"stat.timeSinceDeath":1767,"stat.useItem.minecraft.spawn_egg":3,"stat.pickup.minecraft.mutton":312,"stat.entityKilledBy.grimoireofgaia.selkie":2,"stat.pickup.wolfarmor.iron_wolf_armor":7,"stat.killEntity.seaserpent":1,"stat.furnaceInteraction":1,"stat.useItem.minecraft.cooked_porkchop":13,"stat.pickup.minecraft.carpet":2,"stat.pickup.iceandfire.dragon_skull":8,"stat.mineBlock.minecraft.coal_ore":6,"stat.talkedToVillager":2,"stat.pickup.iceandfire.sea_serpent_fang":42,"stat.pickup.iceandfire.manuscript":198,"stat.pickup.minecraft.beef":39,"stat.drop.iceandfire.dragon_skull":1,"stat.pickup.minecraft.furnace":20,"stat.sprintOneCm":232304,"stat.pickup.minecraft.iron_chestplate":3,"stat.craftItem.minecraft.stick":8,"stat.entityKilledBy.dread_ghoul":2,"stat.mineBlock.minecraft.crafting_table":6,"stat.pickup.jurassicraft.disc_troodons_and_raptors":11,"stat.pickup.minecraft.emerald":10,"stat.useItem.iceandfire.dragon_skull":1,"stat.entityKilledBy.grimoireofgaia.kobold":2,"stat.useItem.minecraft.beef":1,"stat.deaths":24,"stat.mineBlock.minecraft.planks":4,"stat.pickup.zawa.fur":5,"stat.drop":5,"stat.killEntity.cyclops":1,"stat.playOneMinute":140520,"stat.killEntity.Zombie":7,"stat.pickup.zawa.care_guide":1,"stat.mineBlock.minecraft.tallgrass":2,"stat.diveOneCm":127237,"stat.pickup.iceandfire.sea_serpent_scales_blue":54,"stat.chestOpened":41,"stat.entityKilledBy.seaserpent":5,"stat.pickup.spartanweaponry.mace_iron":3,"stat.pickup.minecraft.iron_sword":20,"stat.pickup.minecraft.arrow":4,"stat.pickup.minecraft.wooden_pressure_plate":1,"stat.useItem.minecraft.apple":5,"stat.pickup.minecraft.obsidian":60,"stat.pickup.minecraft.gold_nugget":348,"stat.useItem.minecraft.potion":1,"stat.jump":1870,"stat.pickup.minecraft.iron_helmet":11,"stat.pickup.minecraft.coal":358,"stat.useItem.minecraft.experience_bottle":4,"stat.fallOneCm":50948,"stat.pickup.minecraft.iron_ingot":57,"stat.crouchOneCm":15753,"stat.mineBlock.minecraft.chest":10,"stat.pickup.minecraft.dirt":7,"stat.pickup.minecraft.experience_bottle":4,"stat.craftingTableInteraction":6,"stat.pickup.iceandfire.fire_dragon_heart":3,"stat.pickup.iceandfire.shiny_scales":63,"stat.mineBlock.minecraft.wooden_pressure_plate":1,"stat.boatOneCm":484907,"stat.brewingstandInteraction":1,"stat.damageTaken":7578,"stat.pickup.minecraft.leather":95,"stat.pickup.minecraft.feather":2,"stat.mineBlock.minecraft.furnace":2,"stat.pickup.iceandfire.dragonscales_red":12,"stat.pickup.minecraft.prismarine_shard":12,"stat.pickup.minecraft.planks":57,"stat.pickup.minecraft.iron_leggings":10,"stat.pickup.minecraft.prismarine_crystals":29,"stat.pickup.minecraft.bed":14,"stat.pickup.minecraft.wheat_seeds":7,"stat.useItem.minecraft.stone_pickaxe":36,"stat.craftItem.minecraft.iron_leggings":1,"stat.damageDealt":16782,"stat.pickup.iceandfire.chared_grass":1,"stat.sleepInBed":6,"stat.mineBlock.minecraft.dirt":18,"stat.pickup.zawa.large_meat_cooked":2,"stat.pickup.zawa.rat_raw":1,"stat.pickup.minecraft.boat":2,"stat.walkOneCm":266410,"stat.pickup.minecraft.golden_apple":3,"stat.pickup.minecraft.stick":78,"stat.pickup.minecraft.iron_nugget":2,"stat.drop.minecraft.rotten_flesh":1,"stat.mineBlock.jurassicraft.plant_fossil_block":1,"stat.useItem.minecraft.log":4,"stat.pickup.minecraft.crafting_table":15,"stat.useItem.minecraft.cobblestone":2,"stat.craftItem.minecraft.boat":2,"stat.pickup.hammertime.itemhammerstone":9,"stat.pickup.minecraft.log":253,"stat.pickup.wolfarmor.gold_wolf_armor":5,"stat.entityKilledBy.grimoireofgaia.minotaurus":1,"stat.pickup.usefulbackpacks.backpack":9,"stat.craftItem.minecraft.gold_ingot":38,"stat.useItem.zawa.large_meat_cooked":2,"stat.pickup.iceandfire.dragonscales_gray":26,"stat.pickup.minecraft.apple":8,"stat.pickup.minecraft.gold_ingot":342,"stat.killEntity.Skeleton":5,"stat.mineBlock.iceandfire.goldpile":68,"stat.useItem.minecraft.iron_sword":46,"stat.craftItem.minecraft.planks":140,"stat.killEntity.grimoireofgaia.harpy":1,"stat.mobKills":27,"stat.pickup.minecraft.book":21,"stat.mineBlock.minecraft.log":4,"stat.drop.botania.lexicon":1,"stat.pickup.iceandfire.dragonbone":55,"stat.useItem.minecraft.boat":4,"stat.pickup.jurassicraft.twig_fossil":21,"stat.mineBlock.minecraft.leaves":8,"stat.sneakTime":6448,"stat.pickup.minecraft.wool":5,"stat.pickup.evilcraft.werewolf_flesh":5,"stat.killEntity.firedragon":4,"stat.killEntity.siren":3,"stat.pickup.minecraft.stone_slab":5,"stat.mineBlock.minecraft.stone":8,"stat.killEntity.grimoireofgaia.minotaurus":3,"stat.pickup.minecraft.chest":100}