{"stat.pickup.minecraft.wooden_slab":23,"stat.useItem.iceandfire.fire_dragon_flesh":1,"stat.pickup.iceandfire.fire_dragon_flesh":30,"stat.leaveGame":21,"stat.pickup.jurassicraft.plant_fossil":5,"stat.killEntity.Parrot":1,"stat.pickup.grimoireofgaia.misc_soul_fire":1,"stat.craftItem.minecraft.iron_axe":2,"stat.drop.minecraft.redstone":4,"stat.pickup.evilcraft.condensed_blood":20,"stat.pickup.jurassicraft.crickets":94,"stat.killEntity.grimoireofgaia.centaur":1,"stat.useItem.minecraft.mutton":9,"stat.pickup.zawa.worm":22,"stat.pickup.evilcraft.environmental_accumulation_core":1,"stat.pickup.botania.manasteelhelm":1,"stat.useItem.minecraft.planks":693,"stat.mineBlock.minecraft.web":5,"stat.craftItem.botania.manasteelchest":1,"stat.drop.minecraft.feather":2,"stat.pickup.minecraft.porkchop":19,"stat.pickup.minecraft.glass":48,"stat.useItem.minecraft.water_bucket":12,"stat.pickup.minecraft.rotten_flesh":69,"stat.pickup.minecraft.sand":216,"stat.useItem.chococraft.chocobo_drumstick_raw":1,"stat.craftItem.minecraft.dark_oak_fence":30,"stat.useItem.futureminecraf.campfire":1,"stat.pickup.minecraft.splash_potion":8,"stat.killEntity.Donkey":1,"stat.pickup.iceandfire.chared_cobblestone":3,"stat.pickup.iceandfire.armor_red_chestplate":25,"stat.pickup.iceandfire.troll_leather_forest":54,"stat.pickup.minecraft.bucket":19,"stat.entityKilledBy.cyclops":5,"stat.mineBlock.minecraft.wooden_slab":6,"stat.pickup.zawa.reptile_hide":2,"stat.pickup.grimoireofgaia.misc_fur":4,"stat.entityKilledBy.firedragon":14,"stat.mineBlock.zawa.legume":1,"stat.craftItem.wings.evil_wings":2,"stat.pickup.iceandfire.ash":2,"stat.pickup.botania.manasteelchest":1,"stat.craftItem.minecraft.cooked_fish":2,"stat.drop.wings.evil_wings":1,"stat.mineBlock.openblocks.grave":47,"stat.craftItem.iceandfire.silver_ingot":4,"stat.useItem.minecraft.iron_pickaxe":665,"stat.drop.minecraft.diamond":15,"stat.useItem.minecraft.spawn_egg":3,"stat.entityKilledBy.grimoireofgaia.selkie":2,"stat.useItem.minecraft.iron_shovel":1,"stat.drop.minecraft.cooked_mutton":1,"stat.pickup.minecraft.double_plant":21,"stat.entityKilledBy.grimoireofgaia.satyress":1,"stat.pickup.wolfarmor.iron_wolf_armor":7,"stat.pickup.zawa.golden_sparks":6,"stat.useItem.minecraft.oak_stairs":24,"stat.furnaceInteraction":89,"stat.mineBlock.jurassicraft.fossilized_trackway":1,"stat.mineBlock.botania.flower":87,"stat.mineBlock.minecraft.dark_oak_stairs":61,"stat.pickup.iceandfire.dragon_skull":13,"stat.useItem.minecraft.dark_oak_stairs":241,"stat.pickup.mca.book_rose_gold":1,"stat.pickup.hammertime.itemshoveliron":27,"stat.entityKilledBy.grimoireofgaia.harpy":22,"stat.killEntity.grimoireofgaia.satyress":1,"stat.pickup.iceandfire.manuscript":222,"stat.pickup.botania.manasteelboots":1,"stat.pickup.botania.livingwood":102,"stat.pickup.minecraft.beef":326,"stat.drop.iceandfire.dragon_skull":1,"stat.pickup.minecraft.furnace":22,"stat.useItem.minecraft.cooked_mutton":53,"stat.pickup.zawa.large_meat_raw":28,"stat.useItem.minecraft.redstone":8,"stat.useItem.minecraft.trapdoor":48,"stat.pickup.minecraft.iron_chestplate":4,"stat.entityKilledBy.dread_ghoul":2,"stat.pickup.mca.rose_gold_ore":100,"stat.craftItem.botania.pool":1,"stat.entityKilledBy.grimoireofgaia.bone_knight":2,"stat.pickup.minecraft.potion":8,"stat.craftItem.zawa.carnivore_meat_cooked":1,"stat.pickup.grimoireofgaia.box_gold":3,"stat.pickup.minecraft.emerald":37,"stat.useItem.botania.twigwand":102,"stat.mineBlock.jurassicraft.amber_ore":1,"stat.useItem.iceandfire.dragon_skull":1,"stat.entityKilledBy.grimoireofgaia.kobold":2,"stat.craftItem.hammertime.itemshoveliron":2,"stat.useItem.minecraft.beef":1,"stat.deaths":105,"stat.pickup.zawa.fur":106,"stat.pickup.minecraft.egg":2,"stat.playOneMinute":852710,"stat.pickup.zawa.peach_flower":6,"stat.craftItem.minecraft.iron_pickaxe":1,"stat.pickup.iceandfire.armor_gray_leggings":29,"stat.pickup.zawa.care_guide":1,"stat.drop.minecraft.iron_ingot":102,"stat.pickup.minecraft.dispenser":2,"stat.pickup.chisel.marble2":52,"stat.craftItem.botania.livingwood":8,"stat.mineBlock.minecraft.tallgrass":39,"stat.craftItem.minecraft.cooked_mutton":53,"stat.pickup.iceandfire.sea_serpent_scales_blue":63,"stat.pickup.minecraft.cooked_mutton":86,"stat.pickup.botania.opencrate":5,"stat.chestOpened":225,"stat.mineBlock.botania.specialflower":13,"stat.pickup.hammertime.itemaxeiron":15,"stat.craftItem.minecraft.sign":3,"stat.pickup.botania.mushroom":1,"stat.useItem.minecraft.stone":16,"stat.pickup.spartanweaponry.mace_iron":4,"stat.mineBlock.minecraft.dispenser":2,"stat.pickup.minecraft.iron_sword":44,"stat.pickup.minecraft.arrow":39,"stat.pickup.botania.manasteellegs":1,"stat.pickup.minecraft.wooden_pressure_plate":3,"stat.craftItem.minecraft.dark_oak_stairs":228,"stat.killEntity.Vex":5,"stat.pickup.minecraft.gold_nugget":405,"stat.entityKilledBy.Vex":3,"stat.drop.minecraft.iron_pickaxe":1,"stat.useItem.minecraft.experience_bottle":4,"stat.fallOneCm":236957,"stat.pickup.zawa.tiger_fur":4,"stat.pickup.botania.lexicon":1,"stat.craftItem.evilcraft.dark_spike":16,"stat.pickup.minecraft.carrot":1,"stat.craftItem.botania.opencrate":1,"stat.drop.mca.book_rose_gold":2,"stat.crouchOneCm":139262,"stat.mineBlock.minecraft.chest":11,"stat.craftItem.minecraft.iron_ingot":212,"stat.pickup.minecraft.golden_leggings":1,"stat.craftingTableInteraction":82,"stat.pickup.jurassicraft.gypsum_powder":4,"stat.mineBlock.minecraft.wooden_pressure_plate":3,"stat.pickup.iceandfire.silver_ore":28,"stat.craftItem.iceandfire.armor_gray_leggings":3,"stat.pickup.minecraft.feather":28,"stat.useItem.minecraft.dark_oak_fence":28,"stat.drop.minecraft.bone":1,"stat.useItem.minecraft.furnace":1,"stat.drop.iceandfire.tide_trident":3,"stat.pickup.iceandfire.dragonscales_red":41,"stat.craftItem.mca.rose_gold_ingot":55,"stat.pickup.minecraft.dye":17,"stat.pickup.minecraft.planks":437,"stat.pickup.minecraft.iron_leggings":11,"stat.pickup.chisel.limestone2":29,"stat.craftItem.iceandfire.tide_trident":1,"stat.pickup.minecraft.wheat_seeds":40,"stat.drop.jurassicraft.crickets":9,"stat.pickup.botania.twigwand":14,"stat.mineBlock.minecraft.gravel":1,"stat.useItem.minecraft.stone_pickaxe":36,"stat.craftItem.minecraft.iron_leggings":1,"stat.pickup.zawa.dried_bamboo":1,"stat.killEntity.grimoireofgaia.bone_knight":1,"stat.craftItem.iceandfire.armor_gray_boots":2,"stat.craftItem.minecraft.oak_stairs":24,"stat.mineBlock.minecraft.dirt":102,"stat.craftItem.evilcraft.dark_tank":1,"stat.craftItem.botania.manasteelboots":1,"stat.pickup.zawa.large_meat_cooked":14,"stat.useItem.zawa.carnivore_meat_raw":1,"stat.pickup.botania.specialflower":23,"stat.pickup.evilcraft.origins_of_darkness":1,"stat.useItem.minecraft.torch":44,"stat.pickup.minecraft.golden_apple":4,"stat.pickup.minecraft.iron_nugget":35,"stat.mineBlock.iceandfire.silver_ore":4,"stat.drop.minecraft.rotten_flesh":5,"stat.useItem.minecraft.log":299,"stat.pickup.minecraft.crafting_table":16,"stat.useItem.minecraft.cobblestone":180,"stat.useItem.futureminecraf.unlitcampfire":42,"stat.mineBlock.minecraft.double_plant":4,"stat.craftItem.minecraft.boat":2,"stat.pickup.botania.flowerbag":5,"stat.mineBlock.minecraft.emerald_ore":13,"stat.pickup.minecraft.redstone_block":1,"stat.pickup.minecraft.log":959,"stat.useItem.botania.specialflower":13,"stat.useItem.minecraft.cooked_fish":2,"stat.drop.minecraft.chicken":2,"stat.pickup.minecraft.iron_pickaxe":20,"stat.craftItem.zawa.large_meat_cooked":10,"stat.killEntity.grimoireofgaia.gryphon":1,"stat.pickup.usefulbackpacks.backpack":40,"stat.craftItem.minecraft.gold_ingot":92,"stat.craftItem.usefulbackpacks.backpack":2,"stat.drop.minecraft.planks":2,"stat.pickup.mca.rose_gold_ingot":10,"stat.pickup.minecraft.chicken":9,"stat.mineBlock.zawa.bellflowers":1,"stat.pickup.zawa.bellflowers":4,"stat.drop.minecraft.gold_nugget":20,"stat.pickup.minecraft.tipped_arrow":26,"stat.pickup.minecraft.sapling":68,"stat.pickup.iceandfire.dragonscales_gray":68,"stat.pickup.minecraft.apple":14,"stat.pickup.iceandfire.armor_gray_boots":1,"stat.pickup.jurassicraft.araucaria_log_petrified":3,"stat.useItem.iceandfire.troll_weapon.column":1,"stat.craftItem.futureminecraf.campfire":2,"stat.mineBlock.iceandfire.goldpile":68,"stat.craftItem.minecraft.bucket":1,"stat.useItem.minecraft.iron_sword":797,"stat.craftItem.minecraft.planks":1120,"stat.killEntity.PolarBear":1,"stat.pickup.minecraft.book":21,"stat.mineBlock.minecraft.log":57,"stat.craftItem.minecraft.cooked_chicken":1,"stat.pickup.iceandfire.dragonbone":139,"stat.pickup.jurassicraft.twig_fossil":22,"stat.mineBlock.futureminecraf.unlitcampfire":1,"stat.pickup.minecraft.red_flower":21,"stat.drop.botania.twigwand":1,"stat.sneakTime":47074,"stat.pickup.minecraft.wool":27,"stat.craftItem.botania.twigwand":1,"stat.pickup.jurassicraft.calamites_log_petrified":4,"stat.killEntity.siren":3,"stat.pickup.minecraft.stone_slab":5,"stat.killEntity.grimoireofgaia.minotaurus":22,"stat.pickup.minecraft.chest":112,"stat.useItem.minecraft.web":4,"stat.mineBlock.botania.opencrate":6,"stat.useItem.spartanweaponry.halberd_diamond":455,"stat.pickup.minecraft.bone":307,"stat.killEntity.grimoireofgaia.banshee":1,"stat.pickup.hammertime.itemaxestone":12,"stat.useItem.minecraft.iron_axe":392,"stat.mineBlock.minecraft.cobblestone":4,"stat.pickup.evilcraft.blood_extractor":8,"stat.pickup.minecraft.stone_pickaxe":10,"stat.pickup.minecraft.flint":2,"stat.craftItem.botania.petal":48,"stat.craftItem.minecraft.wool":1,"stat.drop.minecraft.iron_nugget":1,"stat.pickup.iceandfire.troll_weapon.axe":6,"stat.craftItem.zawa.reptile_meat_cooked":1,"stat.drop.zawa.large_meat_cooked":2,"stat.swimOneCm":261894,"stat.climbOneCm":8514,"stat.useItem.spartanweaponry.rapier_iron":208,"stat.pickup.minecraft.cooked_porkchop":80,"stat.pickup.jurassicraft.amber":1,"stat.mineBlock.evilcraft.dark_ore":8,"stat.pickup.chococraft.chocobo_drumstick_raw":4,"stat.useItem.minecraft.dirt":897,"stat.pickup.wings.fairy_dust":92,"stat.craftItem.botania.manasteelhelm":1,"stat.useItem.minecraft.stone_slab2":201,"stat.pickup.minecraft.bow":4,"stat.pickup.spartanweaponry.rapier_iron":11,"stat.pickup.minecraft.iron_boots":12,"stat.useItem.iceandfire.troll_weapon.axe":1,"stat.drop.evilcraft.werewolf_flesh":8,"stat.pickup.zawa.carnivore_meat_raw":5,"stat.pickup.grimoireofgaia.deco_nest_harpy":1,"stat.killEntity.artifacts.mimic":2,"stat.useItem.minecraft.egg":1,"stat.drop.zawa.rat_raw":1,"stat.mineBlock.zawa.dried_bamboo":1,"stat.craftItem.minecraft.trapdoor":50,"stat.pickup.iceandfire.chain_link":133,"stat.craftItem.minecraft.stone_pickaxe":1,"stat.craftItem.minecraft.cooked_beef":105,"stat.pickup.minecraft.shears":4,"stat.pickup.minecraft.cobblestone":3311,"stat.mineBlock.minecraft.carpet":4,"stat.mineBlock.chisel.limestone2":1,"stat.flyOneCm":2537055,"stat.pickup.minecraft.fish":12,"stat.drop.minecraft.wheat_seeds":13,"stat.craftItem.minecraft.wooden_slab":198,"stat.useItem.minecraft.cooked_beef":79,"stat.pickup.minecraft.redstone":167,"stat.mineBlock.minecraft.iron_ore":132,"stat.timeSinceDeath":29953,"stat.useItem.minecraft.sign":2,"stat.useItem.minecraft.wooden_slab":193,"stat.pickup.minecraft.mutton":383,"stat.drop.iceandfire.armor_gray_boots":1,"stat.mineBlock.botania.livingwood":7,"stat.drop.minecraft.coal":28,"stat.pickup.evilcraft.blood_stained_block":1,"stat.killEntity.seaserpent":1,"stat.drop.minecraft.dirt":3,"stat.killEntity.Wolf":1,"stat.useItem.minecraft.cooked_porkchop":17,"stat.pickup.minecraft.iron_shovel":1,"stat.pickup.minecraft.carpet":2,"stat.pickup.minecraft.trapdoor":1,"stat.mineBlock.minecraft.coal_ore":152,"stat.pickup.zawa.bush_meat_cooked":1,"stat.killEntity.Creeper":2,"stat.talkedToVillager":2,"stat.pickup.iceandfire.sea_serpent_fang":53,"stat.pickup.botania.manaresource":108,"stat.pickup.minecraft.string":11,"stat.drop.botania.livingwood":5,"stat.pickup.jurassicraft.fossilized_trackway":1,"stat.pickup.grimoireofgaia.food_root":6,"stat.entityKilledBy.Skeleton":1,"stat.craftItem.minecraft.stone_slab2":0,"stat.pickup.botania.petal":10,"stat.craftItem.botania.manaresource":3,"stat.pickup.zawa.reptile_meat_raw":2,"stat.sprintOneCm":1786210,"stat.drop.minecraft.leather":2,"stat.useItem.botania.lexicon":1,"stat.craftItem.minecraft.stick":48,"stat.craftItem.props.clay":192,"stat.craftItem.botania.manasteellegs":1,"stat.pickup.spartanweaponry.saber_gold":1,"stat.craftItem.minecraft.stone":13,"stat.mineBlock.minecraft.diamond_ore":13,"stat.craftItem.evilcraft.blood_extractor":1,"stat.mineBlock.minecraft.crafting_table":7,"stat.pickup.jurassicraft.disc_troodons_and_raptors":12,"stat.craftItem.iceandfire.armor_gray_chestplate":1,"stat.pickup.minecraft.golden_horse_armor":1,"stat.craftItem.iceandfire.armor_gray_helmet":3,"stat.craftItem.minecraft.wooden_pressure_plate":1,"stat.pickup.chococraft.gysahl_green_seeds":2,"stat.pickup.botania.flower":11,"stat.mineBlock.minecraft.planks":333,"stat.drop":289,"stat.killEntity.cyclops":1,"stat.killEntity.Sheep":22,"stat.killEntity.Zombie":33,"stat.craftItem.minecraft.dye":11,"stat.pickup.artifacts.bottled_cloud":18,"stat.mineBlock.minecraft.gold_ore":32,"stat.diveOneCm":185531,"stat.entityKilledBy.seaserpent":5,"stat.pickup.iceandfire.troll_leather_mountain":2,"stat.mineBlock.botania.doubleflower2":5,"stat.pickup.minecraft.sign":2,"stat.pickup.iceandfire.dragonscales_bronze":67,"stat.mineBlock.botania.doubleflower1":4,"stat.pickup.minecraft.gravel":2,"stat.craftItem.minecraft.cooked_porkchop":4,"stat.drop.minecraft.cooked_beef":2,"stat.pickup.minecraft.stone_axe":1,"stat.craftItem.botania.altar":1,"stat.useItem.minecraft.apple":12,"stat.mineBlock.jurassicraft.araucaria_log_petrified":3,"stat.pickup.minecraft.obsidian":66,"stat.pickup.jurassicraft.psaronius_log_petrified":2,"stat.useItem.minecraft.potion":1,"stat.useItem.minecraft.rotten_flesh":41,"stat.jump":11136,"stat.useItem.minecraft.sand":1,"stat.pickup.minecraft.iron_helmet":12,"stat.pickup.minecraft.coal":1349,"stat.pickup.minecraft.iron_ingot":432,"stat.pickup.iceandfire.troll_weapon.column":3,"stat.pickup.minecraft.gunpowder":14,"stat.craftItem.minecraft.torch":36,"stat.pickup.minecraft.dirt":2481,"stat.pickup.evilcraft.dark_gem_crushed":6,"stat.pickup.minecraft.experience_bottle":4,"stat.mineBlock.wings.amethyst_ore":10,"stat.useItem.zawa.reptile_meat_cooked":1,"stat.pickup.minecraft.iron_ore":494,"stat.pickup.evilcraft.dark_spike":78,"stat.pickup.iceandfire.fire_dragon_heart":8,"stat.pickup.iceandfire.shiny_scales":75,"stat.mineBlock.mca.rose_gold_ore":51,"stat.boatOneCm":484907,"stat.useItem.minecraft.sapling":17,"stat.pickup.minecraft.gold_ore":150,"stat.mineBlock.minecraft.lapis_ore":2,"stat.pickup.minecraft.iron_axe":19,"stat.pickup.minecraft.leaves":6,"stat.mineBlock.minecraft.leaves2":9,"stat.brewingstandInteraction":1,"stat.damageTaken":40250,"stat.pickup.minecraft.leather":245,"stat.mineBlock.minecraft.furnace":3,"stat.mineBlock.minecraft.red_flower":12,"stat.mineBlock.minecraft.torch":6,"stat.pickup.grimoireofgaia.box":1,"stat.dispenserInspected":6,"stat.pickup.minecraft.prismarine_shard":15,"stat.pickup.evilcraft.dark_gem":46,"stat.mineBlock.minecraft.sapling":4,"stat.pickup.minecraft.log2":198,"stat.mineBlock.futureminecraf.campfire":3,"stat.pickup.minecraft.prismarine_crystals":34,"stat.pickup.minecraft.bed":17,"stat.pickup.artifacts.thorn_pendant":16,"stat.killEntity.grimoireofgaia.spriggan":1,"stat.pickup.minecraft.oak_stairs":3,"stat.entityKilledBy.Zombie":2,"stat.mineBlock.futureminecraf.berrybushstage3":2,"stat.mineBlock.futureminecraf.berrybushstage2":1,"stat.pickup.botania.altar":2,"stat.damageDealt":88481,"stat.pickup.iceandfire.chared_grass":1,"stat.craftItem.minecraft.glass":21,"stat.sleepInBed":12,"stat.killEntity.Cow":34,"stat.killEntity.Pig":1,"stat.craftItem.hammertime.itemaxeiron":1,"stat.pickup.zawa.rat_raw":1,"stat.craftItem.minecraft.iron_sword":1,"stat.craftItem.hammertime.itemshovelstone":1,"stat.drop.botania.petal":48,"stat.craftItem.minecraft.stone_slab":6,"stat.pickup.minecraft.boat":2,"stat.walkOneCm":1997499,"stat.useItem.minecraft.chest":3,"stat.playerKills":1,"stat.pickup.minecraft.stick":319,"stat.mineBlock.jurassicraft.plant_fossil_block":7,"stat.mineBlock.grimoireofgaia.deco_nest_harpy":1,"stat.pickup.iceandfire.armor_gray_chestplate":1,"stat.pickup.zawa.legume":4,"stat.drop.iceandfire.troll_weapon.column":1,"stat.pickup.wings.evil_wings":11,"stat.pickup.hammertime.itemhammerstone":21,"stat.mineBlock.botania.altar":2,"stat.craftItem.botania.flowerbag":1,"stat.mineBlock.jurassicraft.calamites_log_petrified":1,"stat.mineBlock.zawa.golden_sparks":2,"stat.pickup.wolfarmor.gold_wolf_armor":5,"stat.entityKilledBy.grimoireofgaia.minotaurus":30,"stat.pickup.minecraft.stone":73,"stat.killEntity.if_troll":1,"stat.useItem.zawa.large_meat_cooked":2,"stat.useItem.minecraft.leaves":4,"stat.pickup.minecraft.cooked_beef":194,"stat.pickup.minecraft.gold_ingot":412,"stat.killEntity.Skeleton":19,"stat.pickup.grimoireofgaia.bag_book":3,"stat.killEntity.Chicken":1,"stat.mineBlock.minecraft.redstone_torch":1,"stat.killEntity.Spider":1,"stat.killEntity.grimoireofgaia.harpy":12,"stat.pickup.minecraft.dark_oak_stairs":110,"stat.mobKills":242,"stat.drop.botania.lexicon":1,"stat.craftItem.minecraft.shears":1,"stat.useItem.minecraft.boat":4,"stat.craftItem.botania.spreader":1,"stat.pickup.minecraft.diamond":35,"stat.mineBlock.minecraft.leaves":92,"stat.pickup.iceandfire.armor_gray_helmet":14,"stat.mineBlock.wings.fairy_dust_ore":35,"stat.pickup.minecraft.torch":928,"stat.mineBlock.minecraft.redstone_ore":29,"stat.pickup.wings.amethyst":13,"stat.craftItem.hammertime.itemaxestone":1,"stat.pickup.spartanweaponry.halberd_diamond":10,"stat.pickup.evilcraft.werewolf_flesh":21,"stat.killEntity.firedragon":8,"stat.drop.minecraft.arrow":1,"stat.mineBlock.zawa.peach_flower":2,"stat.mineBlock.minecraft.stone":133,"stat.pickup.botania.livingrock":48}