{"stat.pickup.iceandfire.fire_dragon_flesh":7,"stat.leaveGame":13,"stat.pickup.jurassicraft.plant_fossil":2,"stat.pickup.evilcraft.condensed_blood":20,"stat.pickup.jurassicraft.crickets":9,"stat.useItem.minecraft.mutton":9,"stat.pickup.zawa.worm":5,"stat.pickup.evilcraft.environmental_accumulation_core":1,"stat.useItem.minecraft.planks":120,"stat.pickup.minecraft.rotten_flesh":8,"stat.useItem.chococraft.chocobo_drumstick_raw":1,"stat.pickup.minecraft.splash_potion":4,"stat.pickup.iceandfire.chared_cobblestone":3,"stat.pickup.iceandfire.armor_red_chestplate":10,"stat.entityKilledBy.cyclops":5,"stat.pickup.grimoireofgaia.misc_fur":4,"stat.entityKilledBy.firedragon":7,"stat.mineBlock.openblocks.grave":14,"stat.useItem.minecraft.spawn_egg":3,"stat.entityKilledBy.grimoireofgaia.selkie":2,"stat.pickup.wolfarmor.iron_wolf_armor":7,"stat.useItem.minecraft.oak_stairs":23,"stat.furnaceInteraction":9,"stat.pickup.iceandfire.dragon_skull":8,"stat.entityKilledBy.grimoireofgaia.harpy":2,"stat.pickup.iceandfire.manuscript":222,"stat.pickup.minecraft.beef":39,"stat.drop.iceandfire.dragon_skull":1,"stat.pickup.minecraft.furnace":22,"stat.useItem.minecraft.cooked_mutton":1,"stat.pickup.minecraft.iron_chestplate":4,"stat.entityKilledBy.dread_ghoul":2,"stat.pickup.minecraft.emerald":11,"stat.useItem.iceandfire.dragon_skull":1,"stat.entityKilledBy.grimoireofgaia.kobold":2,"stat.useItem.minecraft.beef":1,"stat.deaths":28,"stat.pickup.zawa.fur":5,"stat.playOneMinute":175503,"stat.pickup.zawa.care_guide":1,"stat.mineBlock.minecraft.tallgrass":3,"stat.craftItem.minecraft.cooked_mutton":20,"stat.pickup.iceandfire.sea_serpent_scales_blue":63,"stat.chestOpened":52,"stat.pickup.spartanweaponry.mace_iron":4,"stat.pickup.minecraft.iron_sword":22,"stat.pickup.minecraft.arrow":4,"stat.pickup.minecraft.wooden_pressure_plate":1,"stat.pickup.minecraft.gold_nugget":348,"stat.useItem.minecraft.experience_bottle":4,"stat.fallOneCm":67639,"stat.crouchOneCm":24974,"stat.mineBlock.minecraft.chest":10,"stat.craftingTableInteraction":15,"stat.mineBlock.minecraft.wooden_pressure_plate":1,"stat.craftItem.iceandfire.armor_gray_leggings":2,"stat.pickup.minecraft.feather":2,"stat.drop.minecraft.bone":1,"stat.useItem.minecraft.furnace":1,"stat.pickup.iceandfire.dragonscales_red":12,"stat.pickup.minecraft.planks":78,"stat.pickup.minecraft.iron_leggings":11,"stat.pickup.minecraft.wheat_seeds":7,"stat.useItem.minecraft.stone_pickaxe":36,"stat.craftItem.minecraft.iron_leggings":1,"stat.craftItem.minecraft.oak_stairs":24,"stat.mineBlock.minecraft.dirt":33,"stat.pickup.zawa.large_meat_cooked":2,"stat.pickup.minecraft.golden_apple":4,"stat.pickup.minecraft.iron_nugget":2,"stat.drop.minecraft.rotten_flesh":1,"stat.useItem.minecraft.log":5,"stat.pickup.minecraft.crafting_table":16,"stat.useItem.minecraft.cobblestone":2,"stat.mineBlock.minecraft.double_plant":1,"stat.craftItem.minecraft.boat":2,"stat.pickup.minecraft.log":322,"stat.pickup.usefulbackpacks.backpack":10,"stat.craftItem.minecraft.gold_ingot":38,"stat.craftItem.usefulbackpacks.backpack":1,"stat.pickup.minecraft.sapling":44,"stat.pickup.iceandfire.dragonscales_gray":26,"stat.pickup.minecraft.apple":11,"stat.mineBlock.iceandfire.goldpile":68,"stat.useItem.minecraft.iron_sword":46,"stat.craftItem.minecraft.planks":196,"stat.pickup.minecraft.book":21,"stat.mineBlock.minecraft.log":5,"stat.pickup.iceandfire.dragonbone":55,"stat.pickup.jurassicraft.twig_fossil":21,"stat.pickup.minecraft.red_flower":2,"stat.sneakTime":9416,"stat.pickup.minecraft.wool":13,"stat.killEntity.siren":3,"stat.pickup.minecraft.stone_slab":5,"stat.killEntity.grimoireofgaia.minotaurus":3,"stat.pickup.minecraft.chest":110,"stat.useItem.spartanweaponry.halberd_diamond":58,"stat.pickup.minecraft.bone":277,"stat.pickup.hammertime.itemaxestone":10,"stat.pickup.minecraft.stone_pickaxe":10,"stat.drop.minecraft.iron_nugget":1,"stat.swimOneCm":60693,"stat.climbOneCm":8514,"stat.useItem.spartanweaponry.rapier_iron":151,"stat.pickup.minecraft.cooked_porkchop":80,"stat.pickup.chococraft.chocobo_drumstick_raw":4,"stat.useItem.minecraft.dirt":178,"stat.useItem.minecraft.stone_slab2":23,"stat.pickup.minecraft.bow":4,"stat.pickup.spartanweaponry.rapier_iron":11,"stat.pickup.minecraft.iron_boots":12,"stat.drop.evilcraft.werewolf_flesh":2,"stat.drop.zawa.rat_raw":1,"stat.pickup.iceandfire.chain_link":133,"stat.craftItem.minecraft.stone_pickaxe":1,"stat.pickup.minecraft.cobblestone":703,"stat.mineBlock.minecraft.carpet":4,"stat.flyOneCm":733405,"stat.timeSinceDeath":30424,"stat.pickup.minecraft.mutton":365,"stat.killEntity.seaserpent":1,"stat.useItem.minecraft.cooked_porkchop":16,"stat.pickup.minecraft.carpet":2,"stat.mineBlock.minecraft.coal_ore":6,"stat.talkedToVillager":2,"stat.pickup.iceandfire.sea_serpent_fang":49,"stat.craftItem.minecraft.stone_slab2":0,"stat.sprintOneCm":319345,"stat.craftItem.minecraft.stick":8,"stat.craftItem.minecraft.stone":3,"stat.mineBlock.minecraft.crafting_table":6,"stat.pickup.jurassicraft.disc_troodons_and_raptors":12,"stat.craftItem.iceandfire.armor_gray_helmet":2,"stat.mineBlock.minecraft.planks":9,"stat.drop":8,"stat.killEntity.cyclops":1,"stat.killEntity.Sheep":8,"stat.killEntity.Zombie":7,"stat.craftItem.minecraft.dye":1,"stat.diveOneCm":128446,"stat.entityKilledBy.seaserpent":5,"stat.useItem.minecraft.apple":7,"stat.pickup.minecraft.obsidian":66,"stat.useItem.minecraft.potion":1,"stat.jump":2411,"stat.pickup.minecraft.iron_helmet":12,"stat.pickup.minecraft.coal":398,"stat.pickup.minecraft.iron_ingot":62,"stat.craftItem.minecraft.torch":20,"stat.pickup.minecraft.dirt":190,"stat.pickup.minecraft.experience_bottle":4,"stat.pickup.iceandfire.fire_dragon_heart":3,"stat.pickup.iceandfire.shiny_scales":75,"stat.boatOneCm":484907,"stat.brewingstandInteraction":1,"stat.damageTaken":9007,"stat.pickup.minecraft.leather":123,"stat.mineBlock.minecraft.furnace":2,"stat.mineBlock.minecraft.red_flower":2,"stat.pickup.minecraft.prismarine_shard":15,"stat.pickup.minecraft.prismarine_crystals":34,"stat.pickup.minecraft.bed":15,"stat.damageDealt":17444,"stat.pickup.iceandfire.chared_grass":1,"stat.sleepInBed":7,"stat.pickup.zawa.rat_raw":1,"stat.craftItem.hammertime.itemshovelstone":1,"stat.pickup.minecraft.boat":2,"stat.walkOneCm":331066,"stat.useItem.minecraft.chest":2,"stat.pickup.minecraft.stick":96,"stat.mineBlock.jurassicraft.plant_fossil_block":1,"stat.pickup.hammertime.itemhammerstone":10,"stat.pickup.wolfarmor.gold_wolf_armor":5,"stat.entityKilledBy.grimoireofgaia.minotaurus":2,"stat.pickup.minecraft.stone":5,"stat.useItem.zawa.large_meat_cooked":2,"stat.pickup.minecraft.gold_ingot":380,"stat.killEntity.Skeleton":5,"stat.killEntity.grimoireofgaia.harpy":1,"stat.mobKills":35,"stat.drop.botania.lexicon":1,"stat.useItem.minecraft.boat":4,"stat.mineBlock.minecraft.leaves":66,"stat.craftItem.hammertime.itemaxestone":1,"stat.pickup.evilcraft.werewolf_flesh":7,"stat.killEntity.firedragon":4,"stat.mineBlock.minecraft.stone":8}