{"stat.chestOpened":3,"stat.leaveGame":3,"stat.pickup.minecraft.iron_sword":3,"stat.pickup.minecraft.gold_nugget":262,"stat.pickup.jurassicraft.crickets":6,"stat.jump":552,"stat.swimOneCm":55550,"stat.pickup.zawa.worm":4,"stat.pickup.minecraft.iron_helmet":3,"stat.fallOneCm":9690,"stat.climbOneCm":1407,"stat.pickup.botania.lexicon":1,"stat.pickup.minecraft.cooked_porkchop":40,"stat.pickup.minecraft.dirt":27,"stat.useItem.minecraft.dirt":2,"stat.useItem.minecraft.stone_slab2":4,"stat.pickup.minecraft.iron_boots":1,"stat.craftingTableInteraction":4,"stat.boatOneCm":139665,"stat.pickup.minecraft.wooden_pickaxe":2,"stat.damageTaken":1215,"stat.pickup.iceandfire.armor_red_chestplate":3,"stat.useItem.minecraft.wooden_pickaxe":10,"stat.pickup.minecraft.cobblestone":30,"stat.entityKilledBy.cyclops":1,"stat.pickup.minecraft.planks":83,"stat.pickup.minecraft.iron_leggings":3,"stat.flyOneCm":59911,"stat.pickup.minecraft.bed":6,"stat.pickup.minecraft.potato":15,"stat.damageDealt":645,"stat.mineBlock.openblocks.grave":1,"stat.sleepInBed":3,"stat.timeSinceDeath":15332,"stat.mineBlock.minecraft.dirt":8,"stat.craftItem.minecraft.wooden_pickaxe":1,"stat.pickup.zawa.rat_raw":2,"stat.walkOneCm":130507,"stat.pickup.minecraft.stick":12,"stat.pickup.minecraft.crafting_table":3,"stat.craftItem.minecraft.crafting_table":1,"stat.useItem.minecraft.cooked_porkchop":9,"stat.pickup.minecraft.log":76,"stat.pickup.openblocks.info_book":2,"stat.pickup.usefulbackpacks.backpack":3,"stat.pickup.minecraft.sapling":3,"stat.sprintOneCm":121214,"stat.craftItem.minecraft.stick":4,"stat.mineBlock.iceandfire.goldpile":25,"stat.craftItem.minecraft.planks":40,"stat.useItem.minecraft.iron_sword":51,"stat.mineBlock.minecraft.crafting_table":1,"stat.mobKills":2,"stat.pickup.minecraft.book":3,"stat.mineBlock.minecraft.log":1,"stat.entityKilledBy.grimoireofgaia.kobold":1,"stat.deaths":2,"stat.mineBlock.minecraft.planks":1,"stat.drop":1,"stat.playOneMinute":56862,"stat.pickup.minecraft.red_flower":3,"stat.drop.minecraft.iron_boots":1,"stat.pickup.evilcraft.werewolf_flesh":2,"stat.killEntity.Zombie":1,"stat.pickup.zawa.care_guide":3,"stat.killEntity.siren":1,"stat.pickup.minecraft.stone_slab":3,"stat.mineBlock.minecraft.stone":10,"stat.diveOneCm":47081}