{"stat.chestOpened":5,"stat.entityKilledBy.grimoireofgaia.spriggan":1,"stat.leaveGame":3,"stat.pickup.minecraft.iron_sword":7,"stat.pickup.minecraft.stone_pickaxe":4,"stat.pickup.minecraft.gold_nugget":262,"stat.pickup.jurassicraft.crickets":7,"stat.jump":1076,"stat.swimOneCm":66320,"stat.pickup.zawa.worm":19,"stat.pickup.minecraft.iron_helmet":7,"stat.fallOneCm":21530,"stat.climbOneCm":1407,"stat.useItem.minecraft.planks":29,"stat.pickup.botania.lexicon":5,"stat.pickup.minecraft.cooked_porkchop":47,"stat.useItem.minecraft.stone_axe":2,"stat.crouchOneCm":1024,"stat.pickup.minecraft.dirt":84,"stat.useItem.minecraft.dirt":4,"stat.useItem.minecraft.stone_slab2":10,"stat.pickup.minecraft.iron_boots":1,"stat.craftingTableInteraction":8,"stat.pickup.minecraft.rotten_flesh":4,"stat.craftItem.minecraft.furnace":1,"stat.boatOneCm":186755,"stat.craftItem.minecraft.stone_axe":1,"stat.pickup.minecraft.wooden_pickaxe":9,"stat.damageTaken":2972,"stat.pickup.iceandfire.armor_red_chestplate":7,"stat.pickup.iceandfire.chain_link":76,"stat.mineBlock.minecraft.red_flower":1,"stat.useItem.minecraft.wooden_pickaxe":33,"stat.pickup.minecraft.cobblestone":121,"stat.entityKilledBy.cyclops":1,"stat.pickup.minecraft.planks":258,"stat.pickup.minecraft.iron_leggings":7,"stat.useItem.minecraft.stone_shovel":2,"stat.flyOneCm":140565,"stat.pickup.minecraft.bed":10,"stat.entityKilledBy.firedragon":1,"stat.pickup.minecraft.wheat_seeds":1,"stat.pickup.minecraft.potato":35,"stat.pickup.minecraft.oak_stairs":3,"stat.entityKilledBy.Zombie":1,"stat.damageDealt":1057,"stat.mineBlock.openblocks.grave":5,"stat.sleepInBed":3,"stat.timeSinceDeath":15150,"stat.mineBlock.minecraft.dirt":13,"stat.useItem.minecraft.crafting_table":1,"stat.craftItem.minecraft.wooden_pickaxe":2,"stat.pickup.zawa.rat_raw":2,"stat.pickup.minecraft.boat":2,"stat.craftItem.minecraft.stone_shovel":1,"stat.walkOneCm":216828,"stat.pickup.minecraft.stick":42,"stat.pickup.minecraft.crafting_table":11,"stat.useItem.minecraft.log":4,"stat.useItem.minecraft.cobblestone":2,"stat.craftItem.minecraft.crafting_table":2,"stat.furnaceInteraction":1,"stat.useItem.minecraft.cooked_porkchop":16,"stat.entityKilledBy.grimoireofgaia.harpy":1,"stat.pickup.minecraft.log":200,"stat.pickup.minecraft.beef":20,"stat.pickup.openblocks.info_book":6,"stat.pickup.usefulbackpacks.backpack":7,"stat.pickup.minecraft.stone":2,"stat.drop.minecraft.sapling":2,"stat.pickup.minecraft.sapling":29,"stat.sprintOneCm":283192,"stat.pickup.minecraft.apple":3,"stat.craftItem.minecraft.stick":8,"stat.mineBlock.iceandfire.goldpile":25,"stat.craftItem.minecraft.planks":64,"stat.useItem.minecraft.iron_sword":69,"stat.mineBlock.minecraft.crafting_table":2,"stat.mobKills":3,"stat.pickup.minecraft.book":17,"stat.mineBlock.minecraft.log":13,"stat.entityKilledBy.grimoireofgaia.kobold":1,"stat.deaths":6,"stat.mineBlock.minecraft.planks":3,"stat.drop":3,"stat.mineBlock.minecraft.leaves":2,"stat.playOneMinute":94662,"stat.pickup.minecraft.red_flower":8,"stat.sneakTime":368,"stat.drop.minecraft.iron_boots":1,"stat.pickup.evilcraft.werewolf_flesh":6,"stat.killEntity.Zombie":2,"stat.pickup.zawa.care_guide":7,"stat.killEntity.siren":1,"stat.pickup.minecraft.stone_slab":15,"stat.mineBlock.minecraft.stone":33,"stat.mineBlock.minecraft.tallgrass":3,"stat.diveOneCm":77176}