{"stat.pickup.minecraft.bone":3,"stat.entityKilledBy.grimoireofgaia.spriggan":1,"stat.pickup.hammertime.itemaxestone":6,"stat.leaveGame":5,"stat.mineBlock.minecraft.cobblestone":1,"stat.pickup.minecraft.stone_pickaxe":9,"stat.pickup.jurassicraft.crickets":96,"stat.swimOneCm":75662,"stat.pickup.zawa.worm":26,"stat.climbOneCm":1407,"stat.useItem.minecraft.planks":32,"stat.pickup.minecraft.cooked_porkchop":47,"stat.useItem.minecraft.dirt":519,"stat.useItem.minecraft.stone_slab2":30,"stat.pickup.minecraft.iron_boots":1,"stat.pickup.minecraft.rotten_flesh":15,"stat.craftItem.minecraft.furnace":1,"stat.useItem.minecraft.red_flower":1,"stat.drop.evilcraft.werewolf_flesh":1,"stat.pickup.grimoireofgaia.deco_nest_harpy":1,"stat.craftItem.minecraft.stone_axe":1,"stat.pickup.iceandfire.armor_red_chestplate":12,"stat.pickup.iceandfire.chain_link":76,"stat.craftItem.minecraft.cooked_beef":35,"stat.pickup.minecraft.cobblestone":225,"stat.entityKilledBy.cyclops":1,"stat.useItem.minecraft.stone_shovel":353,"stat.flyOneCm":214348,"stat.entityKilledBy.firedragon":1,"stat.useItem.minecraft.cooked_beef":10,"stat.mineBlock.openblocks.grave":12,"stat.timeSinceDeath":30336,"stat.craftItem.minecraft.wooden_pickaxe":2,"stat.furnaceInteraction":15,"stat.useItem.minecraft.cooked_porkchop":16,"stat.entityKilledBy.grimoireofgaia.harpy":2,"stat.pickup.minecraft.beef":20,"stat.pickup.minecraft.furnace":3,"stat.sprintOneCm":585732,"stat.craftItem.minecraft.stick":20,"stat.craftItem.minecraft.stone":13,"stat.mineBlock.minecraft.crafting_table":3,"stat.entityKilledBy.grimoireofgaia.kobold":1,"stat.deaths":20,"stat.mineBlock.minecraft.planks":7,"stat.drop":6,"stat.playOneMinute":208704,"stat.useItem.hammertime.itemshovelstone":1,"stat.drop.minecraft.iron_boots":1,"stat.killEntity.Zombie":2,"stat.pickup.iceandfire.armor_gray_leggings":6,"stat.pickup.zawa.care_guide":9,"stat.drop.minecraft.chest":2,"stat.mineBlock.minecraft.tallgrass":54,"stat.diveOneCm":103779,"stat.chestOpened":25,"stat.pickup.minecraft.iron_sword":12,"stat.pickup.minecraft.arrow":3,"stat.pickup.minecraft.stone_axe":4,"stat.pickup.minecraft.gold_nugget":266,"stat.useItem.minecraft.rotten_flesh":1,"stat.jump":1708,"stat.pickup.minecraft.iron_helmet":7,"stat.pickup.minecraft.coal":15,"stat.fallOneCm":36978,"stat.pickup.botania.lexicon":5,"stat.useItem.minecraft.stone_axe":4,"stat.crouchOneCm":28004,"stat.craftItem.minecraft.torch":12,"stat.pickup.minecraft.dirt":888,"stat.craftingTableInteraction":25,"stat.pickup.minecraft.stone_shovel":5,"stat.boatOneCm":186755,"stat.pickup.minecraft.wooden_pickaxe":15,"stat.damageTaken":7124,"stat.pickup.minecraft.leather":3,"stat.pickup.minecraft.feather":1,"stat.mineBlock.minecraft.red_flower":1,"stat.mineBlock.minecraft.furnace":1,"stat.mineBlock.minecraft.torch":1,"stat.useItem.minecraft.wooden_pickaxe":45,"stat.pickup.minecraft.planks":332,"stat.pickup.minecraft.iron_leggings":7,"stat.pickup.minecraft.reeds":3,"stat.pickup.minecraft.bed":11,"stat.pickup.minecraft.wheat_seeds":44,"stat.pickup.minecraft.potato":45,"stat.pickup.minecraft.oak_stairs":9,"stat.entityKilledBy.Zombie":4,"stat.damageDealt":3869,"stat.sleepInBed":8,"stat.mineBlock.minecraft.dirt":350,"stat.useItem.minecraft.crafting_table":1,"stat.pickup.zawa.rat_raw":2,"stat.craftItem.hammertime.itemshovelstone":1,"stat.pickup.minecraft.boat":2,"stat.craftItem.minecraft.stone_shovel":3,"stat.walkOneCm":440725,"stat.useItem.minecraft.torch":10,"stat.useItem.minecraft.chest":2,"stat.pickup.minecraft.stick":47,"stat.pickup.minecraft.crafting_table":12,"stat.useItem.minecraft.log":4,"stat.useItem.minecraft.cobblestone":2,"stat.craftItem.minecraft.crafting_table":2,"stat.mineBlock.minecraft.double_plant":4,"stat.useItem.hammertime.itemhammerstone":3,"stat.pickup.hammertime.itemhammerstone":5,"stat.pickup.minecraft.log":444,"stat.pickup.openblocks.info_book":8,"stat.craftItem.hammertime.itemhammerstone":1,"stat.entityKilledBy.grimoireofgaia.minotaurus":10,"stat.pickup.usefulbackpacks.backpack":12,"stat.pickup.minecraft.stone":24,"stat.drop.minecraft.sapling":2,"stat.pickup.zawa.bellflowers":1,"stat.pickup.minecraft.sapling":45,"stat.pickup.minecraft.apple":5,"stat.pickup.minecraft.cooked_beef":145,"stat.killEntity.Skeleton":1,"stat.mineBlock.iceandfire.goldpile":25,"stat.craftItem.minecraft.planks":76,"stat.useItem.minecraft.iron_sword":175,"stat.killEntity.grimoireofgaia.harpy":1,"stat.mobKills":10,"stat.pickup.minecraft.book":29,"stat.mineBlock.minecraft.log":13,"stat.mineBlock.minecraft.leaves":4,"stat.pickup.iceandfire.armor_gray_helmet":6,"stat.pickup.minecraft.torch":17,"stat.pickup.minecraft.red_flower":19,"stat.sneakTime":12783,"stat.pickup.evilcraft.werewolf_flesh":10,"stat.killEntity.siren":1,"stat.pickup.minecraft.stone_slab":21,"stat.mineBlock.minecraft.stone":43,"stat.killEntity.grimoireofgaia.minotaurus":2,"stat.pickup.minecraft.chest":2}