{"stat.pickup.minecraft.bone":5,"stat.pickup.minecraft.wooden_slab":1,"stat.entityKilledBy.grimoireofgaia.spriggan":1,"stat.pickup.hammertime.itemaxestone":9,"stat.pickup.minecraft.spruce_fence_gate":1,"stat.leaveGame":9,"stat.mineBlock.minecraft.cobblestone":1,"stat.pickup.minecraft.stone_pickaxe":10,"stat.pickup.jurassicraft.crickets":109,"stat.swimOneCm":84237,"stat.pickup.zawa.worm":32,"stat.climbOneCm":1407,"stat.useItem.minecraft.planks":174,"stat.pickup.minecraft.cooked_porkchop":47,"stat.useItem.minecraft.dirt":774,"stat.useItem.minecraft.stone_slab2":44,"stat.pickup.minecraft.iron_boots":1,"stat.pickup.minecraft.rotten_flesh":17,"stat.craftItem.minecraft.furnace":1,"stat.useItem.minecraft.red_flower":1,"stat.drop.evilcraft.werewolf_flesh":1,"stat.pickup.grimoireofgaia.deco_nest_harpy":4,"stat.craftItem.minecraft.stone_axe":2,"stat.pickup.iceandfire.armor_red_chestplate":13,"stat.pickup.iceandfire.chain_link":76,"stat.craftItem.minecraft.cooked_beef":35,"stat.pickup.minecraft.cobblestone":241,"stat.entityKilledBy.cyclops":1,"stat.useItem.minecraft.spruce_fence_gate":4,"stat.useItem.minecraft.stone_shovel":402,"stat.flyOneCm":258890,"stat.entityKilledBy.firedragon":1,"stat.useItem.minecraft.cooked_beef":18,"stat.mineBlock.openblocks.grave":13,"stat.timeSinceDeath":54660,"stat.useItem.minecraft.fence_gate":2,"stat.drop.minecraft.log":7,"stat.craftItem.minecraft.wooden_pickaxe":2,"stat.useItem.minecraft.oak_stairs":26,"stat.furnaceInteraction":15,"stat.pickup.minecraft.spruce_fence":2,"stat.useItem.minecraft.cooked_porkchop":16,"stat.entityKilledBy.grimoireofgaia.harpy":2,"stat.pickup.minecraft.fence_gate":2,"stat.pickup.minecraft.beef":20,"stat.pickup.minecraft.furnace":3,"stat.pickup.hammertime.itemshovelstone":1,"stat.useItem.minecraft.spruce_fence":8,"stat.sprintOneCm":734483,"stat.craftItem.minecraft.stick":80,"stat.craftItem.minecraft.stone":13,"stat.craftItem.minecraft.fence_gate":4,"stat.mineBlock.minecraft.crafting_table":3,"stat.entityKilledBy.grimoireofgaia.kobold":1,"stat.mineBlock.minecraft.oak_stairs":17,"stat.deaths":22,"stat.mineBlock.minecraft.planks":19,"stat.drop":15,"stat.playOneMinute":292212,"stat.useItem.hammertime.itemshovelstone":2,"stat.drop.minecraft.iron_boots":1,"stat.killEntity.Zombie":4,"stat.pickup.iceandfire.armor_gray_leggings":7,"stat.pickup.zawa.care_guide":9,"stat.drop.minecraft.chest":2,"stat.mineBlock.minecraft.tallgrass":54,"stat.diveOneCm":103779,"stat.chestOpened":29,"stat.useItem.minecraft.stone":3,"stat.pickup.minecraft.iron_sword":13,"stat.pickup.minecraft.arrow":5,"stat.drop.minecraft.cooked_beef":1,"stat.pickup.minecraft.stone_axe":4,"stat.pickup.minecraft.gold_nugget":269,"stat.useItem.minecraft.rotten_flesh":1,"stat.jump":2197,"stat.pickup.minecraft.iron_helmet":7,"stat.pickup.minecraft.coal":15,"stat.fallOneCm":43239,"stat.pickup.botania.lexicon":5,"stat.useItem.minecraft.stone_axe":53,"stat.crouchOneCm":37387,"stat.craftItem.minecraft.torch":16,"stat.pickup.minecraft.dirt":959,"stat.mineBlock.minecraft.spruce_fence_gate":1,"stat.craftingTableInteraction":41,"stat.pickup.minecraft.stone_shovel":6,"stat.boatOneCm":186755,"stat.pickup.minecraft.wooden_pickaxe":15,"stat.damageTaken":8230,"stat.pickup.minecraft.leather":5,"stat.pickup.minecraft.feather":2,"stat.mineBlock.minecraft.red_flower":1,"stat.mineBlock.minecraft.furnace":1,"stat.mineBlock.minecraft.torch":1,"stat.useItem.minecraft.wooden_pickaxe":45,"stat.pickup.minecraft.planks":386,"stat.pickup.minecraft.iron_leggings":7,"stat.pickup.minecraft.reeds":3,"stat.mineBlock.minecraft.spruce_fence":2,"stat.pickup.minecraft.bed":11,"stat.pickup.minecraft.wheat_seeds":50,"stat.pickup.minecraft.potato":46,"stat.mineBlock.minecraft.fence_gate":2,"stat.pickup.minecraft.oak_stairs":26,"stat.entityKilledBy.Zombie":4,"stat.damageDealt":5224,"stat.sleepInBed":9,"stat.craftItem.minecraft.oak_stairs":12,"stat.mineBlock.minecraft.dirt":360,"stat.useItem.minecraft.crafting_table":1,"stat.pickup.zawa.rat_raw":2,"stat.craftItem.hammertime.itemshovelstone":1,"stat.pickup.minecraft.boat":2,"stat.craftItem.minecraft.stone_shovel":3,"stat.walkOneCm":630913,"stat.useItem.minecraft.torch":14,"stat.useItem.minecraft.chest":2,"stat.pickup.minecraft.stick":47,"stat.pickup.minecraft.crafting_table":12,"stat.useItem.minecraft.log":43,"stat.useItem.minecraft.cobblestone":2,"stat.craftItem.minecraft.crafting_table":2,"stat.mineBlock.minecraft.double_plant":4,"stat.useItem.hammertime.itemhammerstone":3,"stat.pickup.hammertime.itemhammerstone":6,"stat.pickup.minecraft.log":819,"stat.pickup.openblocks.info_book":8,"stat.craftItem.hammertime.itemhammerstone":1,"stat.entityKilledBy.grimoireofgaia.minotaurus":12,"stat.pickup.usefulbackpacks.backpack":13,"stat.pickup.minecraft.stone":31,"stat.drop.minecraft.planks":1,"stat.drop.minecraft.sapling":2,"stat.pickup.zawa.bellflowers":2,"stat.pickup.minecraft.sapling":76,"stat.pickup.minecraft.apple":5,"stat.pickup.minecraft.cooked_beef":169,"stat.killEntity.Skeleton":1,"stat.mineBlock.iceandfire.goldpile":25,"stat.craftItem.minecraft.planks":264,"stat.useItem.minecraft.iron_sword":236,"stat.useItem.hammertime.itemaxestone":1,"stat.killEntity.grimoireofgaia.harpy":1,"stat.craftItem.minecraft.spruce_fence":9,"stat.mobKills":14,"stat.pickup.minecraft.book":29,"stat.mineBlock.minecraft.log":37,"stat.mineBlock.minecraft.leaves":62,"stat.pickup.iceandfire.armor_gray_helmet":7,"stat.pickup.minecraft.torch":17,"stat.pickup.minecraft.red_flower":27,"stat.sneakTime":16830,"stat.pickup.evilcraft.werewolf_flesh":10,"stat.craftItem.minecraft.spruce_fence_gate":6,"stat.killEntity.siren":1,"stat.pickup.minecraft.stone_slab":21,"stat.mineBlock.minecraft.stone":43,"stat.killEntity.grimoireofgaia.minotaurus":3,"stat.pickup.minecraft.chest":2}