{"stat.pickup.minecraft.wooden_slab":14,"stat.entityKilledBy.grimoireofgaia.spriggan":1,"stat.leaveGame":16,"stat.pickup.jurassicraft.crickets":117,"stat.pickup.zawa.worm":44,"stat.useItem.minecraft.planks":231,"stat.craftItem.futureminecraf.barrel":2,"stat.pickup.minecraft.porkchop":2,"stat.drop.minecraft.iron_sword":1,"stat.pickup.minecraft.rotten_flesh":41,"stat.pickup.minecraft.sand":79,"stat.craftItem.minecraft.stone_axe":2,"stat.pickup.iceandfire.armor_red_chestplate":23,"stat.entityKilledBy.cyclops":1,"stat.mineBlock.minecraft.wooden_slab":2,"stat.useItem.futureminecraf.barrel":1,"stat.craftItem.minecraft.stone_sword":1,"stat.entityKilledBy.firedragon":1,"stat.mineBlock.openblocks.grave":29,"stat.useItem.minecraft.fence_gate":2,"stat.useItem.minecraft.iron_pickaxe":155,"stat.craftItem.minecraft.wooden_pickaxe":2,"stat.mineBlock.chisel.marble2":4,"stat.useItem.minecraft.oak_stairs":26,"stat.furnaceInteraction":38,"stat.mineBlock.botania.flower":1,"stat.entityKilledBy.grimoireofgaia.harpy":10,"stat.pickup.iceandfire.manuscript":1,"stat.pickup.minecraft.fence_gate":6,"stat.pickup.botania.livingwood":49,"stat.pickup.minecraft.beef":48,"stat.pickup.minecraft.furnace":4,"stat.pickup.hammertime.itemshovelstone":6,"stat.pickup.mca.rose_gold_ore":9,"stat.entityKilledBy.grimoireofgaia.bone_knight":1,"stat.craftItem.minecraft.fence_gate":4,"stat.mineBlock.jurassicraft.amber_ore":1,"stat.pickup.minecraft.emerald":2,"stat.entityKilledBy.grimoireofgaia.kobold":1,"stat.mineBlock.minecraft.oak_stairs":17,"stat.deaths":62,"stat.pickup.zawa.fur":4,"stat.playOneMinute":573808,"stat.pickup.iceandfire.armor_gray_leggings":17,"stat.pickup.zawa.care_guide":9,"stat.drop.minecraft.chest":3,"stat.pickup.chisel.marble2":17,"stat.mineBlock.minecraft.tallgrass":73,"stat.chestOpened":72,"stat.mineBlock.botania.specialflower":3,"stat.useItem.minecraft.stone":75,"stat.pickup.minecraft.iron_sword":21,"stat.pickup.minecraft.arrow":35,"stat.pickup.minecraft.gold_nugget":280,"stat.drop.minecraft.iron_pickaxe":2,"stat.fallOneCm":73145,"stat.pickup.botania.lexicon":5,"stat.drop.minecraft.stone_sword":2,"stat.crouchOneCm":39575,"stat.mineBlock.minecraft.chest":4,"stat.craftItem.minecraft.chest":14,"stat.craftItem.minecraft.iron_ingot":32,"stat.mineBlock.botania.livingrock":48,"stat.craftingTableInteraction":73,"stat.pickup.minecraft.wooden_pickaxe":15,"stat.pickup.minecraft.feather":13,"stat.pickup.minecraft.record_cat":1,"stat.pickup.minecraft.dye":11,"stat.pickup.minecraft.planks":598,"stat.pickup.minecraft.iron_leggings":7,"stat.mineBlock.minecraft.spruce_fence":2,"stat.pickup.chisel.limestone2":120,"stat.pickup.minecraft.wheat_seeds":56,"stat.drop.jurassicraft.crickets":1,"stat.mineBlock.minecraft.gravel":7,"stat.useItem.minecraft.stone_pickaxe":397,"stat.useItem.minecraft.stone_sword":85,"stat.craftItem.minecraft.oak_stairs":12,"stat.mineBlock.minecraft.dirt":424,"stat.pickup.botania.specialflower":3,"stat.mineBlock.minecraft.monster_egg":2,"stat.useItem.minecraft.torch":51,"stat.pickup.minecraft.iron_nugget":33,"stat.drop.minecraft.rotten_flesh":1,"stat.drop.minecraft.porkchop":1,"stat.pickup.minecraft.crafting_table":17,"stat.useItem.minecraft.log":96,"stat.useItem.minecraft.cobblestone":65,"stat.craftItem.minecraft.crafting_table":4,"stat.mineBlock.minecraft.double_plant":5,"stat.useItem.hammertime.itemhammerstone":3,"stat.mineBlock.minecraft.emerald_ore":1,"stat.pickup.minecraft.log":977,"stat.pickup.minecraft.iron_pickaxe":9,"stat.craftItem.hammertime.itemhammerstone":1,"stat.pickup.usefulbackpacks.backpack":23,"stat.drop.minecraft.planks":1,"stat.drop.minecraft.sapling":2,"stat.pickup.zawa.bellflowers":2,"stat.pickup.minecraft.sapling":101,"stat.pickup.minecraft.apple":5,"stat.useItem.iceandfire.troll_weapon.column":5,"stat.mineBlock.iceandfire.goldpile":25,"stat.craftItem.minecraft.planks":492,"stat.useItem.minecraft.iron_sword":438,"stat.craftItem.props.props":1,"stat.pickup.minecraft.stone_sword":4,"stat.pickup.minecraft.book":35,"stat.mineBlock.minecraft.log":43,"stat.pickup.minecraft.red_flower":27,"stat.sneakTime":18563,"stat.craftItem.minecraft.spruce_fence_gate":14,"stat.killEntity.siren":1,"stat.pickup.minecraft.stone_slab":21,"stat.killEntity.grimoireofgaia.minotaurus":6,"stat.pickup.minecraft.chest":6,"stat.pickup.minecraft.bone":12,"stat.pickup.hammertime.itemaxestone":15,"stat.pickup.minecraft.spruce_fence_gate":4,"stat.mineBlock.minecraft.cobblestone":4,"stat.pickup.minecraft.stone_pickaxe":24,"stat.pickup.minecraft.flint":2,"stat.swimOneCm":119193,"stat.climbOneCm":1407,"stat.pickup.minecraft.cooked_porkchop":47,"stat.pickup.jurassicraft.amber":6,"stat.useItem.minecraft.dirt":794,"stat.pickup.wings.fairy_dust":16,"stat.useItem.minecraft.stone_slab2":89,"stat.pickup.minecraft.iron_boots":1,"stat.craftItem.minecraft.furnace":8,"stat.useItem.minecraft.red_flower":1,"stat.drop.evilcraft.werewolf_flesh":1,"stat.pickup.grimoireofgaia.deco_nest_harpy":4,"stat.pickup.iceandfire.chain_link":76,"stat.craftItem.minecraft.stone_pickaxe":3,"stat.craftItem.minecraft.cooked_beef":46,"stat.pickup.minecraft.cobblestone":1343,"stat.useItem.minecraft.spruce_fence_gate":12,"stat.useItem.minecraft.stone_shovel":429,"stat.flyOneCm":481667,"stat.pickup.minecraft.clay":1,"stat.useItem.minecraft.cooked_beef":46,"stat.craftItem.minecraft.wooden_slab":6,"stat.mineBlock.minecraft.iron_ore":113,"stat.timeSinceDeath":13631,"stat.drop.minecraft.log":7,"stat.pickup.chococraft.lovely_gysahl_green":3,"stat.killEntity.grimoireofgaia.chest":1,"stat.mineBlock.botania.livingwood":49,"stat.pickup.minecraft.spruce_fence":4,"stat.useItem.minecraft.cooked_porkchop":16,"stat.mineBlock.minecraft.coal_ore":161,"stat.pickup.minecraft.string":20,"stat.pickup.jurassicraft.fossilized_trackway":1,"stat.entityKilledBy.Skeleton":2,"stat.useItem.minecraft.spruce_fence":11,"stat.sprintOneCm":1341281,"stat.craftItem.minecraft.stick":120,"stat.craftItem.minecraft.stone":70,"stat.mineBlock.minecraft.diamond_ore":3,"stat.mineBlock.minecraft.crafting_table":7,"stat.pickup.chococraft.gysahl_green_seeds":13,"stat.pickup.botania.flower":2,"stat.mineBlock.minecraft.planks":34,"stat.drop":35,"stat.useItem.hammertime.itemshovelstone":2,"stat.drop.minecraft.iron_boots":1,"stat.killEntity.Zombie":9,"stat.mineBlock.minecraft.gold_ore":9,"stat.diveOneCm":113240,"stat.pickup.minecraft.gravel":7,"stat.drop.minecraft.cooked_beef":7,"stat.pickup.minecraft.stone_axe":17,"stat.useItem.minecraft.rotten_flesh":2,"stat.jump":4247,"stat.pickup.minecraft.iron_helmet":7,"stat.pickup.minecraft.coal":454,"stat.pickup.iceandfire.troll_weapon.column":5,"stat.useItem.minecraft.stone_axe":131,"stat.craftItem.minecraft.torch":36,"stat.pickup.minecraft.dirt":1164,"stat.mineBlock.minecraft.spruce_fence_gate":4,"stat.pickup.minecraft.iron_ore":129,"stat.pickup.minecraft.stone_shovel":7,"stat.mineBlock.mca.rose_gold_ore":4,"stat.boatOneCm":186755,"stat.pickup.minecraft.gold_ore":14,"stat.mineBlock.minecraft.lapis_ore":1,"stat.pickup.minecraft.iron_axe":5,"stat.damageTaken":20672,"stat.pickup.minecraft.leather":36,"stat.mineBlock.minecraft.red_flower":1,"stat.mineBlock.minecraft.furnace":1,"stat.mineBlock.minecraft.torch":21,"stat.useItem.minecraft.wooden_pickaxe":45,"stat.pickup.minecraft.reeds":3,"stat.entityKilledBy.ZombieVillager":1,"stat.pickup.minecraft.bed":11,"stat.pickup.minecraft.potato":47,"stat.mineBlock.minecraft.fence_gate":2,"stat.pickup.minecraft.oak_stairs":26,"stat.entityKilledBy.Zombie":12,"stat.damageDealt":14734,"stat.sleepInBed":12,"stat.pickup.chococraft.gysahl_green":4,"stat.killEntity.Silverfish":2,"stat.killEntity.Cow":11,"stat.useItem.minecraft.crafting_table":1,"stat.killEntity.Pig":1,"stat.pickup.zawa.rat_raw":2,"stat.craftItem.minecraft.iron_sword":2,"stat.craftItem.hammertime.itemshovelstone":1,"stat.pickup.minecraft.boat":2,"stat.craftItem.minecraft.stone_shovel":3,"stat.walkOneCm":1453492,"stat.useItem.minecraft.chest":19,"stat.pickup.minecraft.stick":108,"stat.mineBlock.jurassicraft.plant_fossil_block":5,"stat.pickup.wings.evil_wings":2,"stat.pickup.hammertime.itemhammerstone":11,"stat.pickup.openblocks.info_book":8,"stat.entityKilledBy.grimoireofgaia.minotaurus":31,"stat.pickup.minecraft.stone":221,"stat.pickup.minecraft.cooked_beef":229,"stat.killEntity.Skeleton":3,"stat.killEntity.Spider":3,"stat.useItem.hammertime.itemaxestone":1,"stat.killEntity.grimoireofgaia.harpy":6,"stat.craftItem.minecraft.spruce_fence":12,"stat.mobKills":47,"stat.pickup.minecraft.diamond":3,"stat.mineBlock.minecraft.leaves":63,"stat.pickup.iceandfire.armor_gray_helmet":17,"stat.mineBlock.wings.fairy_dust_ore":8,"stat.pickup.minecraft.torch":44,"stat.drop.minecraft.stone_axe":2,"stat.drop.minecraft.beef":3,"stat.pickup.evilcraft.werewolf_flesh":10,"stat.mineBlock.minecraft.stone":208,"stat.pickup.botania.livingrock":48}