{"stat.pickup.minecraft.wooden_slab":14,"stat.entityKilledBy.grimoireofgaia.spriggan":2,"stat.leaveGame":18,"stat.pickup.iceandfire.armor_red_helmet":2,"stat.craftItem.futureminecraf.smithingtable":1,"stat.pickup.jurassicraft.crickets":123,"stat.pickup.zawa.worm":50,"stat.useItem.minecraft.planks":367,"stat.craftItem.futureminecraf.barrel":8,"stat.pickup.minecraft.porkchop":2,"stat.drop.minecraft.iron_sword":1,"stat.useItem.minecraft.water_bucket":2,"stat.pickup.minecraft.rotten_flesh":52,"stat.craftItem.evilcraft.bowl_of_promises":1,"stat.pickup.minecraft.sand":108,"stat.craftItem.minecraft.dark_oak_fence":18,"stat.craftItem.minecraft.stone_axe":3,"stat.pickup.iceandfire.armor_red_chestplate":25,"stat.pickup.minecraft.bucket":1,"stat.killEntity.Enderman":1,"stat.entityKilledBy.cyclops":1,"stat.mineBlock.minecraft.wooden_slab":2,"stat.useItem.futureminecraf.barrel":6,"stat.pickup.minecraft.wooden_hoe":1,"stat.craftItem.minecraft.stone_sword":1,"stat.entityKilledBy.firedragon":1,"stat.mineBlock.minecraft.sand":24,"stat.craftItem.minecraft.wooden_hoe":2,"stat.pickup.iceandfire.armor_red_boots":1,"stat.mineBlock.openblocks.grave":33,"stat.useItem.zawa.carnivore_meat_cooked":1,"stat.pickup.iceandfire.silver_ingot":4,"stat.useItem.minecraft.fence_gate":2,"stat.useItem.minecraft.iron_pickaxe":155,"stat.craftItem.minecraft.wooden_pickaxe":2,"stat.craftItem.minecraft.glass_pane":16,"stat.mineBlock.chisel.marble2":4,"stat.useItem.minecraft.oak_stairs":29,"stat.furnaceInteraction":50,"stat.mineBlock.botania.flower":2,"stat.pickup.hammertime.itemshoveliron":1,"stat.entityKilledBy.grimoireofgaia.harpy":11,"stat.pickup.iceandfire.manuscript":1,"stat.pickup.minecraft.fence_gate":6,"stat.pickup.botania.livingwood":49,"stat.pickup.minecraft.beef":48,"stat.pickup.minecraft.furnace":12,"stat.pickup.hammertime.itemshovelstone":6,"stat.useItem.minecraft.trapdoor":10,"stat.pickup.minecraft.skull":15,"stat.pickup.mca.rose_gold_ore":9,"stat.entityKilledBy.grimoireofgaia.bone_knight":1,"stat.craftItem.minecraft.fence_gate":4,"stat.mineBlock.jurassicraft.amber_ore":1,"stat.pickup.minecraft.emerald":2,"stat.entityKilledBy.grimoireofgaia.kobold":1,"stat.useItem.minecraft.beef":3,"stat.mineBlock.minecraft.oak_stairs":17,"stat.deaths":72,"stat.pickup.zawa.fur":4,"stat.playOneMinute":777811,"stat.craftItem.minecraft.item_frame":6,"stat.pickup.iceandfire.armor_gray_leggings":20,"stat.pickup.zawa.care_guide":10,"stat.drop.minecraft.chest":3,"stat.pickup.chisel.marble2":17,"stat.mineBlock.minecraft.tallgrass":75,"stat.pickup.minecraft.cooked_mutton":9,"stat.chestOpened":138,"stat.mineBlock.botania.specialflower":3,"stat.pickup.hammertime.itemaxeiron":1,"stat.useItem.minecraft.stone":75,"stat.pickup.minecraft.iron_sword":24,"stat.pickup.minecraft.arrow":43,"stat.pickup.iceandfire.blindfold":2,"stat.pickup.minecraft.gold_nugget":285,"stat.pickup.futureminecraf.composter":1,"stat.craftItem.futureminecraf.blastfurnace":4,"stat.mineBlock.futureminecraf.composter":1,"stat.drop.minecraft.iron_pickaxe":2,"stat.pickup.minecraft.cooked_chicken":1,"stat.fallOneCm":81570,"stat.pickup.botania.lexicon":5,"stat.drop.minecraft.stone_sword":2,"stat.crouchOneCm":39927,"stat.mineBlock.minecraft.chest":4,"stat.craftItem.minecraft.chest":24,"stat.craftItem.minecraft.iron_ingot":32,"stat.entityKilledBy.grimoireofgaia.werecat":1,"stat.pickup.minecraft.painting":6,"stat.mineBlock.botania.livingrock":48,"stat.pickup.minecraft.melon":3,"stat.craftingTableInteraction":114,"stat.pickup.minecraft.wooden_pickaxe":15,"stat.pickup.minecraft.feather":17,"stat.useItem.minecraft.dark_oak_fence":14,"stat.drop.minecraft.bone":1,"stat.pickup.minecraft.record_cat":1,"stat.useItem.minecraft.furnace":2,"stat.pickup.zawa.kelp":10,"stat.pickup.minecraft.dye":11,"stat.pickup.minecraft.planks":695,"stat.pickup.iceandfire.tide_trident":5,"stat.pickup.minecraft.iron_leggings":7,"stat.mineBlock.minecraft.spruce_fence":2,"stat.pickup.chisel.limestone2":160,"stat.pickup.minecraft.wheat_seeds":58,"stat.drop.jurassicraft.crickets":1,"stat.mineBlock.minecraft.gravel":9,"stat.useItem.minecraft.stone_pickaxe":410,"stat.useItem.minecraft.stone_sword":85,"stat.useItem.minecraft.wool":10,"stat.craftItem.minecraft.oak_stairs":16,"stat.mineBlock.minecraft.dirt":483,"stat.pickup.zawa.large_meat_cooked":14,"stat.pickup.botania.specialflower":3,"stat.mineBlock.minecraft.monster_egg":2,"stat.useItem.minecraft.torch":55,"stat.pickup.minecraft.iron_nugget":43,"stat.drop.minecraft.rotten_flesh":1,"stat.drop.minecraft.porkchop":1,"stat.pickup.minecraft.crafting_table":17,"stat.useItem.minecraft.log":105,"stat.useItem.minecraft.cobblestone":65,"stat.craftItem.minecraft.crafting_table":4,"stat.mineBlock.minecraft.double_plant":5,"stat.useItem.hammertime.itemhammerstone":3,"stat.mineBlock.minecraft.emerald_ore":1,"stat.mineBlock.zawa.bamboo":1,"stat.pickup.minecraft.log":1094,"stat.useItem.zawa.bush_meat_cooked":1,"stat.pickup.minecraft.iron_pickaxe":12,"stat.craftItem.hammertime.itemhammerstone":1,"stat.pickup.zawa.bamboo":2,"stat.pickup.usefulbackpacks.backpack":27,"stat.drop.minecraft.planks":1,"stat.drop.minecraft.sapling":2,"stat.pickup.zawa.bellflowers":2,"stat.pickup.minecraft.sapling":103,"stat.entityKilledBy.Enderman":3,"stat.pickup.minecraft.apple":5,"stat.pickup.iceandfire.armor_gray_boots":3,"stat.useItem.minecraft.glass_pane":3,"stat.useItem.iceandfire.troll_weapon.column":5,"stat.mineBlock.iceandfire.goldpile":25,"stat.craftItem.minecraft.bucket":1,"stat.craftItem.minecraft.planks":840,"stat.useItem.minecraft.iron_sword":474,"stat.craftItem.props.props":1,"stat.pickup.minecraft.stone_sword":4,"stat.pickup.minecraft.book":35,"stat.mineBlock.minecraft.log":47,"stat.pickup.minecraft.red_flower":57,"stat.sneakTime":18896,"stat.pickup.minecraft.wool":17,"stat.craftItem.minecraft.spruce_fence_gate":14,"stat.killEntity.siren":1,"stat.pickup.minecraft.stone_slab":25,"stat.killEntity.grimoireofgaia.minotaurus":6,"stat.pickup.minecraft.chest":6,"stat.useItem.spartanweaponry.halberd_diamond":28,"stat.pickup.minecraft.bone":14,"stat.pickup.hammertime.itemaxestone":17,"stat.pickup.minecraft.spruce_fence_gate":4,"stat.mineBlock.minecraft.cobblestone":4,"stat.killEntity.gorgon":1,"stat.pickup.minecraft.stone_pickaxe":27,"stat.pickup.minecraft.flint":2,"stat.pickup.futureminecraf.strippedoaklog":1,"stat.swimOneCm":169580,"stat.climbOneCm":1747,"stat.pickup.minecraft.cooked_porkchop":50,"stat.pickup.jurassicraft.amber":6,"stat.useItem.minecraft.dirt":810,"stat.pickup.wings.fairy_dust":16,"stat.useItem.chococraft.gysahl_green":7,"stat.useItem.minecraft.stone_slab2":142,"stat.pickup.minecraft.iron_boots":1,"stat.craftItem.minecraft.furnace":8,"stat.useItem.minecraft.red_flower":1,"stat.drop.evilcraft.werewolf_flesh":1,"stat.pickup.grimoireofgaia.deco_nest_harpy":4,"stat.craftItem.minecraft.trapdoor":6,"stat.pickup.iceandfire.chain_link":76,"stat.craftItem.minecraft.stone_pickaxe":3,"stat.craftItem.futureminecraf.composter":2,"stat.craftItem.minecraft.cooked_beef":46,"stat.pickup.minecraft.cobblestone":1456,"stat.drop.iceandfire.gorgon_head":1,"stat.useItem.minecraft.spruce_fence_gate":12,"stat.useItem.minecraft.stone_shovel":499,"stat.flyOneCm":647291,"stat.pickup.minecraft.clay":1,"stat.useItem.minecraft.cooked_beef":46,"stat.craftItem.minecraft.wooden_slab":36,"stat.mineBlock.minecraft.iron_ore":113,"stat.timeSinceDeath":1309,"stat.drop.minecraft.log":7,"stat.pickup.chococraft.lovely_gysahl_green":7,"stat.craftItem.minecraft.painting":1,"stat.useItem.minecraft.wooden_slab":2,"stat.killEntity.grimoireofgaia.chest":1,"stat.mineBlock.botania.livingwood":49,"stat.useItem.minecraft.potato":5,"stat.pickup.minecraft.spruce_fence":4,"stat.drop.minecraft.dirt":2,"stat.useItem.minecraft.cooked_porkchop":19,"stat.craftItem.futureminecraf.smoothstone":12,"stat.pickup.minecraft.trapdoor":7,"stat.drop.evilcraft.dark_gem":4,"stat.mineBlock.minecraft.coal_ore":161,"stat.pickup.zawa.bush_meat_cooked":1,"stat.pickup.minecraft.string":24,"stat.mineBlock.zawa.kelp":1,"stat.pickup.jurassicraft.fossilized_trackway":1,"stat.entityKilledBy.Skeleton":2,"stat.useItem.minecraft.spruce_fence":11,"stat.sprintOneCm":1737412,"stat.craftItem.minecraft.stick":196,"stat.craftItem.minecraft.stone":82,"stat.mineBlock.minecraft.diamond_ore":3,"stat.mineBlock.minecraft.crafting_table":7,"stat.pickup.chococraft.gysahl_green_seeds":59,"stat.pickup.botania.flower":3,"stat.mineBlock.minecraft.planks":51,"stat.drop":47,"stat.useItem.hammertime.itemshovelstone":2,"stat.drop.minecraft.iron_boots":1,"stat.pickup.minecraft.iron_block":1,"stat.killEntity.Zombie":15,"stat.mineBlock.minecraft.gold_ore":9,"stat.diveOneCm":160631,"stat.pickup.minecraft.gravel":9,"stat.drop.minecraft.cooked_beef":7,"stat.pickup.minecraft.stone_axe":22,"stat.useItem.minecraft.rotten_flesh":2,"stat.mineBlock.futureminecraf.strippedoaklog":1,"stat.jump":5902,"stat.useItem.minecraft.wooden_hoe":85,"stat.pickup.minecraft.iron_helmet":7,"stat.pickup.minecraft.coal":631,"stat.useItem.futureminecraf.composter":1,"stat.pickup.minecraft.iron_ingot":74,"stat.pickup.iceandfire.troll_weapon.column":7,"stat.drop.evilcraft.bowl_of_promises":1,"stat.useItem.minecraft.stone_axe":161,"stat.craftItem.minecraft.torch":40,"stat.pickup.minecraft.dirt":1200,"stat.mineBlock.minecraft.spruce_fence_gate":4,"stat.useItem.minecraft.cooked_chicken":1,"stat.pickup.minecraft.iron_ore":129,"stat.pickup.zawa.carnivore_meat_cooked":2,"stat.pickup.minecraft.stone_shovel":10,"stat.mineBlock.mca.rose_gold_ore":4,"stat.boatOneCm":186755,"stat.pickup.minecraft.gold_ore":14,"stat.mineBlock.minecraft.lapis_ore":1,"stat.pickup.minecraft.iron_axe":5,"stat.damageTaken":24519,"stat.pickup.minecraft.leather":43,"stat.mineBlock.minecraft.red_flower":15,"stat.mineBlock.minecraft.furnace":3,"stat.mineBlock.minecraft.torch":24,"stat.mineBlock.minecraft.melon_block":1,"stat.useItem.minecraft.wooden_pickaxe":45,"stat.pickup.evilcraft.dark_gem":47,"stat.pickup.minecraft.log2":41,"stat.pickup.minecraft.reeds":3,"stat.entityKilledBy.ZombieVillager":1,"stat.pickup.minecraft.bed":11,"stat.pickup.artifacts.thorn_pendant":2,"stat.pickup.minecraft.potato":47,"stat.mineBlock.minecraft.fence_gate":2,"stat.pickup.minecraft.oak_stairs":26,"stat.drop.chococraft.lovely_gysahl_green":2,"stat.entityKilledBy.Zombie":12,"stat.damageDealt":18562,"stat.craftItem.minecraft.glass":24,"stat.sleepInBed":13,"stat.pickup.chococraft.gysahl_green":16,"stat.killEntity.Silverfish":2,"stat.killEntity.Cow":11,"stat.useItem.minecraft.crafting_table":1,"stat.mineBlock.futureminecraf.barrel":13,"stat.killEntity.Pig":1,"stat.craftItem.hammertime.itemaxeiron":1,"stat.pickup.zawa.rat_raw":2,"stat.craftItem.minecraft.iron_sword":2,"stat.pickup.evilcraft.dark_power_gem":3,"stat.craftItem.hammertime.itemshovelstone":1,"stat.pickup.minecraft.boat":2,"stat.craftItem.minecraft.stone_shovel":4,"stat.walkOneCm":1980367,"stat.useItem.minecraft.chest":26,"stat.pickup.minecraft.stick":165,"stat.mineBlock.jurassicraft.plant_fossil_block":5,"stat.pickup.wings.evil_wings":6,"stat.pickup.hammertime.itemhammerstone":11,"stat.pickup.openblocks.info_book":9,"stat.useItem.minecraft.item_frame":4,"stat.entityKilledBy.grimoireofgaia.minotaurus":33,"stat.pickup.minecraft.stone":244,"stat.mineBlock.minecraft.wool":11,"stat.useItem.zawa.large_meat_cooked":9,"stat.pickup.futureminecraf.barrel":13,"stat.pickup.minecraft.cooked_beef":229,"stat.killEntity.Skeleton":3,"stat.killEntity.Spider":4,"stat.useItem.hammertime.itemaxestone":1,"stat.killEntity.grimoireofgaia.harpy":8,"stat.craftItem.minecraft.spruce_fence":12,"stat.mobKills":57,"stat.useItem.futureminecraf.blastfurnace":3,"stat.pickup.iceandfire.gorgon_head":1,"stat.pickup.minecraft.diamond":3,"stat.mineBlock.minecraft.leaves":74,"stat.pickup.iceandfire.armor_gray_helmet":18,"stat.mineBlock.wings.fairy_dust_ore":8,"stat.pickup.minecraft.torch":49,"stat.pickup.spartanweaponry.halberd_diamond":2,"stat.drop.minecraft.stone_axe":3,"stat.drop.minecraft.beef":3,"stat.pickup.evilcraft.werewolf_flesh":14,"stat.mineBlock.minecraft.stone":211,"stat.pickup.botania.livingrock":48}