{"stat.pickup.minecraft.wooden_slab":14,"stat.leaveGame":24,"stat.craftItem.futureminecraf.smithingtable":1,"stat.pickup.jurassicraft.crickets":124,"stat.pickup.zawa.worm":50,"stat.mineBlock.minecraft.web":78,"stat.drop.minecraft.iron_sword":1,"stat.pickup.minecraft.rotten_flesh":88,"stat.craftItem.evilcraft.bowl_of_promises":1,"stat.craftItem.minecraft.stone_axe":3,"stat.pickup.minecraft.bucket":1,"stat.killEntity.Enderman":2,"stat.entityKilledBy.grimoireofgaia.mermaid":1,"stat.mineBlock.minecraft.wooden_slab":2,"stat.entityKilledBy.artifacts.mimic":1,"stat.pickup.artifacts.lucky_horseshoe":1,"stat.pickup.iceandfire.armor_red_boots":2,"stat.mineBlock.openblocks.grave":45,"stat.useItem.zawa.carnivore_meat_cooked":1,"stat.killEntity.grimoireofgaia.creep":1,"stat.pickup.iceandfire.silver_ingot":4,"stat.useItem.minecraft.iron_pickaxe":160,"stat.craftItem.minecraft.wooden_pickaxe":2,"stat.craftItem.minecraft.glass_pane":32,"stat.mineBlock.chisel.marble2":4,"stat.furnaceInteraction":55,"stat.mineBlock.botania.flower":2,"stat.pickup.iceandfire.manuscript":1,"stat.pickup.botania.livingwood":49,"stat.pickup.minecraft.beef":48,"stat.pickup.minecraft.cauldron":2,"stat.useItem.minecraft.trapdoor":10,"stat.pickup.mowziesmobs.wrought_helmet":1,"stat.pickup.mca.rose_gold_ore":9,"stat.entityKilledBy.grimoireofgaia.bone_knight":1,"stat.useItem.minecraft.cauldron":2,"stat.useItem.minecraft.flint_and_steel":1,"stat.useItem.minecraft.wheat_seeds":34,"stat.mineBlock.jurassicraft.amber_ore":2,"stat.pickup.minecraft.emerald":2,"stat.entityKilledBy.grimoireofgaia.kobold":1,"stat.useItem.minecraft.beef":3,"stat.deaths":83,"stat.pickup.zawa.fur":4,"stat.pickup.minecraft.egg":2,"stat.pickup.evilcraft.vengeance_ring":1,"stat.craftItem.minecraft.item_frame":6,"stat.pickup.zawa.care_guide":10,"stat.pickup.chisel.marble2":17,"stat.mineBlock.minecraft.tallgrass":77,"stat.entityKilledBy.grimoireofgaia.creep":1,"stat.pickup.minecraft.cooked_mutton":17,"stat.chestOpened":198,"stat.craftItem.evilcraft.colossal_blood_chest":1,"stat.useItem.minecraft.stone":75,"stat.pickup.minecraft.iron_sword":26,"stat.pickup.minecraft.arrow":96,"stat.pickup.iceandfire.blindfold":2,"stat.killEntity.Vex":2,"stat.killEntity.grimoireofgaia.cecaelia":3,"stat.pickup.minecraft.gold_nugget":305,"stat.entityKilledBy.Vex":1,"stat.craftItem.futureminecraf.blastfurnace":4,"stat.mineBlock.futureminecraf.composter":1,"stat.drop.minecraft.iron_pickaxe":3,"stat.pickup.botania.lexicon":5,"stat.drop.minecraft.stone_sword":2,"stat.useItem.evilcraft.undead_plank":24,"stat.crouchOneCm":40540,"stat.mineBlock.minecraft.chest":4,"stat.pickup.minecraft.rail":20,"stat.craftItem.minecraft.iron_ingot":32,"stat.pickup.minecraft.painting":6,"stat.pickup.evilcraft.hardened_blood_shard":11,"stat.craftingTableInteraction":136,"stat.pickup.iceandfire.silver_ore":1,"stat.pickup.minecraft.wooden_pickaxe":15,"stat.useItem.minecraft.dark_oak_fence":14,"stat.pickup.minecraft.dye":13,"stat.pickup.minecraft.planks":741,"stat.pickup.iceandfire.tide_trident":15,"stat.pickup.chisel.limestone2":160,"stat.pickup.minecraft.wheat_seeds":115,"stat.drop.jurassicraft.crickets":1,"stat.killEntity.grimoireofgaia.flesh_lich":1,"stat.mineBlock.minecraft.glass":1,"stat.pickup.openblocks.technicolor_glasses":5,"stat.mineBlock.minecraft.dirt":483,"stat.useItem.minecraft.bread":10,"stat.pickup.evilcraft.vengeance_pickaxe":3,"stat.drop.minecraft.rotten_flesh":1,"stat.drop.minecraft.porkchop":1,"stat.useItem.minecraft.cobblestone":76,"stat.mineBlock.minecraft.double_plant":5,"stat.useItem.hammertime.itemhammerstone":3,"stat.mineBlock.zawa.bamboo":1,"stat.drop.spartanweaponry.halberd_diamond":1,"stat.pickup.minecraft.iron_pickaxe":22,"stat.drop.minecraft.sapling":2,"stat.pickup.minecraft.apple":5,"stat.useItem.minecraft.glass_pane":24,"stat.craftItem.minecraft.bucket":1,"stat.craftItem.minecraft.planks":912,"stat.useItem.minecraft.iron_sword":504,"stat.pickup.minecraft.stone_sword":12,"stat.pickup.minecraft.book":45,"stat.mineBlock.minecraft.log":48,"stat.pickup.minecraft.red_flower":57,"stat.pickup.minecraft.wool":17,"stat.killEntity.siren":1,"stat.pickup.futureminecraf.smoker":2,"stat.pickup.minecraft.spruce_fence_gate":4,"stat.mineBlock.minecraft.cobblestone":5,"stat.killEntity.gorgon":1,"stat.pickup.minecraft.stone_pickaxe":37,"stat.pickup.minecraft.flint":3,"stat.entityKilledBy.grimoireofgaia.cecaelia":1,"stat.craftItem.evilcraft.undead_plank":44,"stat.pickup.minecraft.enchanted_book":4,"stat.pickup.minecraft.cooked_porkchop":50,"stat.pickup.wings.fairy_dust":16,"stat.useItem.chococraft.gysahl_green":7,"stat.useItem.minecraft.stone_slab2":181,"stat.pickup.minecraft.iron_boots":1,"stat.craftItem.minecraft.furnace":11,"stat.pickup.grimoireofgaia.deco_nest_harpy":4,"stat.pickup.iceandfire.chain_link":76,"stat.craftItem.futureminecraf.composter":2,"stat.craftItem.minecraft.cooked_beef":46,"stat.drop.iceandfire.gorgon_head":1,"stat.useItem.minecraft.spruce_fence_gate":12,"stat.flyOneCm":708391,"stat.timeSinceDeath":128800,"stat.pickup.chococraft.lovely_gysahl_green":7,"stat.craftItem.minecraft.painting":1,"stat.cauldronFilled":4,"stat.useItem.minecraft.wooden_slab":2,"stat.killEntity.grimoireofgaia.chest":1,"stat.mineBlock.botania.livingwood":49,"stat.useItem.minecraft.potato":5,"stat.pickup.minecraft.spruce_fence":6,"stat.craftItem.futureminecraf.smoothstone":12,"stat.mineBlock.minecraft.coal_ore":161,"stat.pickup.zawa.bush_meat_cooked":1,"stat.pickup.minecraft.string":199,"stat.mineBlock.zawa.kelp":1,"stat.pickup.jurassicraft.fossilized_trackway":1,"stat.entityKilledBy.Skeleton":4,"stat.sprintOneCm":2033004,"stat.mineBlock.minecraft.diamond_ore":4,"stat.pickup.grimoireofgaia.misc_pearl":4,"stat.useItem.hammertime.itemshovelstone":2,"stat.pickup.minecraft.iron_block":1,"stat.killEntity.Zombie":23,"stat.mineBlock.minecraft.gold_ore":9,"stat.diveOneCm":170375,"stat.pickup.minecraft.wheat":21,"stat.pickup.minecraft.stone_axe":33,"stat.useItem.minecraft.rotten_flesh":19,"stat.mineBlock.futureminecraf.strippedoaklog":2,"stat.jump":7419,"stat.pickup.minecraft.coal":803,"stat.useItem.futureminecraf.composter":1,"stat.pickup.minecraft.iron_ingot":74,"stat.drop.evilcraft.bowl_of_promises":1,"stat.craftItem.minecraft.lever":2,"stat.pickup.minecraft.gunpowder":8,"stat.craftItem.minecraft.torch":40,"stat.pickup.minecraft.dirt":1201,"stat.pickup.evilcraft.dark_gem_crushed":9,"stat.mineBlock.minecraft.spruce_fence_gate":4,"stat.pickup.artifacts.cobalt_shield":5,"stat.useItem.minecraft.glass":1,"stat.pickup.minecraft.stone_shovel":20,"stat.pickup.minecraft.gold_ore":14,"stat.mineBlock.minecraft.lapis_ore":1,"stat.pickup.minecraft.iron_axe":5,"stat.mineBlock.minecraft.glass_pane":1,"stat.damageTaken":28544,"stat.mineBlock.minecraft.red_flower":15,"stat.mineBlock.minecraft.torch":26,"stat.mineBlock.minecraft.melon_block":1,"stat.pickup.minecraft.log2":41,"stat.entityKilledBy.ZombieVillager":1,"stat.pickup.minecraft.bed":11,"stat.cauldronUsed":2,"stat.pickup.artifacts.thorn_pendant":16,"stat.pickup.minecraft.potato":47,"stat.mineBlock.minecraft.fence_gate":2,"stat.entityKilledBy.Zombie":13,"stat.pickup.chococraft.gysahl_green":16,"stat.killEntity.Silverfish":2,"stat.mineBlock.futureminecraf.barrel":13,"stat.pickup.evilcraft.dark_power_gem":4,"stat.useItem.minecraft.chest":26,"stat.pickup.wings.evil_wings":16,"stat.pickup.evilcraft.vengeance_focus":1,"stat.useItem.minecraft.item_frame":4,"stat.killEntity.if_troll":1,"stat.useItem.zawa.large_meat_cooked":10,"stat.pickup.minecraft.cooked_beef":229,"stat.killEntity.grimoireofgaia.harpy":8,"stat.mobKills":109,"stat.pickup.iceandfire.gorgon_head":1,"stat.pickup.props.props":9,"stat.pickup.minecraft.diamond":4,"stat.pickup.iceandfire.armor_gray_helmet":18,"stat.mineBlock.wings.fairy_dust_ore":8,"stat.pickup.minecraft.torch":70,"stat.drop.minecraft.stone_axe":3,"stat.pickup.evilcraft.werewolf_flesh":16,"stat.pickup.botania.livingrock":48,"stat.entityKilledBy.grimoireofgaia.spriggan":2,"stat.pickup.iceandfire.armor_red_helmet":13,"stat.useItem.futureminecraf.smoker":2,"stat.useItem.minecraft.planks":374,"stat.craftItem.futureminecraf.barrel":16,"stat.pickup.minecraft.porkchop":2,"stat.pickup.minecraft.glass":5,"stat.craftItem.evilcraft.blood_infusion_core":1,"stat.drop.minecraft.melon":3,"stat.useItem.minecraft.water_bucket":3,"stat.pickup.minecraft.sand":108,"stat.craftItem.minecraft.dark_oak_fence":18,"stat.pickup.iceandfire.armor_red_chestplate":25,"stat.entityKilledBy.cyclops":1,"stat.useItem.futureminecraf.barrel":7,"stat.pickup.minecraft.wooden_hoe":1,"stat.craftItem.minecraft.stone_sword":2,"stat.entityKilledBy.firedragon":1,"stat.mineBlock.minecraft.sand":24,"stat.craftItem.minecraft.wooden_hoe":3,"stat.useItem.minecraft.fence_gate":2,"stat.useItem.minecraft.oak_stairs":29,"stat.mineBlock.minecraft.dark_oak_stairs":2,"stat.pickup.hammertime.itemshoveliron":1,"stat.entityKilledBy.grimoireofgaia.harpy":11,"stat.pickup.minecraft.fence_gate":6,"stat.drop.hammertime.itemshoveliron":1,"stat.pickup.minecraft.furnace":15,"stat.useItem.minecraft.cooked_mutton":6,"stat.pickup.hammertime.itemshovelstone":6,"stat.pickup.mowziesmobs.wrought_axe":1,"stat.pickup.minecraft.skull":15,"stat.craftItem.minecraft.fence_gate":4,"stat.useItem.evilcraft.reinforced_undead_plank":23,"stat.mineBlock.minecraft.oak_stairs":17,"stat.playOneMinute":1053046,"stat.pickup.iceandfire.armor_gray_leggings":22,"stat.drop.minecraft.chest":3,"stat.mineBlock.botania.specialflower":3,"stat.pickup.hammertime.itemaxeiron":9,"stat.pickup.futureminecraf.composter":1,"stat.pickup.minecraft.cooked_chicken":1,"stat.fallOneCm":83893,"stat.craftItem.minecraft.chest":24,"stat.entityKilledBy.grimoireofgaia.werecat":1,"stat.pickup.minecraft.red_mushroom":2,"stat.mineBlock.botania.livingrock":48,"stat.pickup.minecraft.melon":3,"stat.mineBlock.evilcraft.undead_plank":6,"stat.pickup.jurassicraft.gypsum_powder":4,"stat.pickup.minecraft.feather":18,"stat.drop.minecraft.bone":1,"stat.pickup.minecraft.record_cat":1,"stat.useItem.minecraft.furnace":3,"stat.pickup.zawa.kelp":10,"stat.pickup.minecraft.iron_leggings":7,"stat.mineBlock.minecraft.spruce_fence":4,"stat.killEntity.Llama":1,"stat.mineBlock.minecraft.gravel":9,"stat.useItem.minecraft.stone_pickaxe":453,"stat.useItem.minecraft.stone_sword":141,"stat.useItem.minecraft.wool":10,"stat.killEntity.grimoireofgaia.bone_knight":1,"stat.craftItem.minecraft.oak_stairs":16,"stat.pickup.zawa.large_meat_cooked":15,"stat.pickup.botania.specialflower":3,"stat.mineBlock.minecraft.monster_egg":2,"stat.pickup.minecraft.flint_and_steel":1,"stat.useItem.minecraft.torch":57,"stat.pickup.minecraft.iron_nugget":68,"stat.pickup.minecraft.crafting_table":20,"stat.useItem.minecraft.log":115,"stat.craftItem.minecraft.crafting_table":4,"stat.mineBlock.minecraft.emerald_ore":1,"stat.pickup.minecraft.log":1383,"stat.useItem.zawa.bush_meat_cooked":1,"stat.craftItem.hammertime.itemhammerstone":1,"stat.pickup.zawa.bamboo":2,"stat.pickup.usefulbackpacks.backpack":39,"stat.drop.minecraft.planks":1,"stat.craftItem.futureminecraf.smoker":2,"stat.pickup.zawa.bellflowers":2,"stat.pickup.minecraft.sapling":103,"stat.entityKilledBy.Enderman":3,"stat.pickup.iceandfire.armor_gray_boots":13,"stat.useItem.iceandfire.troll_weapon.column":5,"stat.mineBlock.iceandfire.goldpile":25,"stat.craftItem.props.props":1,"stat.pickup.bountifulbaubles.trinketbezoar":3,"stat.sneakTime":19781,"stat.craftItem.minecraft.spruce_fence_gate":14,"stat.pickup.minecraft.stone_slab":37,"stat.killEntity.grimoireofgaia.minotaurus":7,"stat.pickup.minecraft.chest":6,"stat.useItem.spartanweaponry.halberd_diamond":148,"stat.pickup.minecraft.bone":44,"stat.pickup.hammertime.itemaxestone":27,"stat.pickup.evilcraft.blood_extractor":7,"stat.pickup.futureminecraf.strippedoaklog":2,"stat.pickup.iceandfire.troll_weapon.axe":8,"stat.swimOneCm":214781,"stat.climbOneCm":1747,"stat.pickup.jurassicraft.amber":14,"stat.mineBlock.evilcraft.dark_ore":5,"stat.useItem.minecraft.dirt":810,"stat.useItem.minecraft.red_flower":1,"stat.useItem.iceandfire.troll_weapon.axe":2,"stat.drop.evilcraft.werewolf_flesh":1,"stat.killEntity.artifacts.mimic":1,"stat.craftItem.minecraft.trapdoor":6,"stat.craftItem.minecraft.stone_pickaxe":3,"stat.mineBlock.futureminecraf.smoker":2,"stat.pickup.minecraft.cobblestone":1585,"stat.useItem.minecraft.stone_shovel":499,"stat.pickup.minecraft.clay":1,"stat.useItem.minecraft.cooked_beef":46,"stat.craftItem.minecraft.wooden_slab":48,"stat.pickup.minecraft.redstone":3,"stat.mineBlock.minecraft.iron_ore":113,"stat.drop.minecraft.log":8,"stat.useItem.minecraft.lever":1,"stat.drop.minecraft.dirt":2,"stat.useItem.minecraft.cooked_porkchop":19,"stat.pickup.minecraft.trapdoor":7,"stat.drop.evilcraft.dark_gem":5,"stat.killEntity.grimoireofgaia.mermaid":1,"stat.useItem.minecraft.spruce_fence":17,"stat.pickup.minecraft.paper":38,"stat.craftItem.minecraft.stick":208,"stat.craftItem.minecraft.stone":82,"stat.mineBlock.minecraft.crafting_table":8,"stat.pickup.chococraft.gysahl_green_seeds":59,"stat.pickup.botania.flower":3,"stat.mineBlock.minecraft.planks":53,"stat.drop":59,"stat.drop.minecraft.iron_boots":1,"stat.pickup.artifacts.bottled_cloud":9,"stat.drop.minecraft.bread":4,"stat.pickup.evilcraft.colossal_blood_chest":2,"stat.pickup.minecraft.gravel":17,"stat.drop.minecraft.cooked_beef":7,"stat.useItem.minecraft.wooden_hoe":90,"stat.pickup.minecraft.fence":2,"stat.pickup.minecraft.iron_helmet":7,"stat.pickup.iceandfire.troll_weapon.column":7,"stat.useItem.minecraft.stone_axe":175,"stat.craftItem.minecraft.bread":25,"stat.entityKilledBy.CaveSpider":1,"stat.pickup.minecraft.spider_eye":20,"stat.useItem.minecraft.cooked_chicken":1,"stat.pickup.minecraft.iron_ore":129,"stat.pickup.zawa.carnivore_meat_cooked":2,"stat.mineBlock.mca.rose_gold_ore":4,"stat.boatOneCm":186755,"stat.pickup.minecraft.leather":48,"stat.mineBlock.minecraft.furnace":6,"stat.useItem.minecraft.wooden_pickaxe":45,"stat.pickup.evilcraft.dark_gem":60,"stat.pickup.minecraft.reeds":3,"stat.killEntity.CaveSpider":16,"stat.pickup.minecraft.oak_stairs":26,"stat.drop.chococraft.lovely_gysahl_green":2,"stat.damageDealt":29482,"stat.craftItem.minecraft.glass":24,"stat.craftItem.minecraft.cauldron":2,"stat.sleepInBed":16,"stat.killEntity.Cow":11,"stat.useItem.minecraft.crafting_table":1,"stat.killEntity.Pig":1,"stat.craftItem.hammertime.itemaxeiron":1,"stat.pickup.zawa.rat_raw":2,"stat.craftItem.minecraft.iron_sword":2,"stat.craftItem.hammertime.itemshovelstone":1,"stat.pickup.minecraft.boat":2,"stat.craftItem.minecraft.stone_shovel":4,"stat.walkOneCm":2937532,"stat.playerKills":2,"stat.pickup.minecraft.stick":189,"stat.mineBlock.jurassicraft.plant_fossil_block":5,"stat.pickup.hammertime.itemhammerstone":11,"stat.pickup.openblocks.info_book":9,"stat.entityKilledBy.grimoireofgaia.minotaurus":33,"stat.pickup.minecraft.stone":269,"stat.mineBlock.minecraft.wool":11,"stat.pickup.futureminecraf.barrel":13,"stat.useItem.evilcraft.vengeance_pickaxe":8,"stat.killEntity.Skeleton":15,"stat.killEntity.Spider":5,"stat.useItem.hammertime.itemaxestone":1,"stat.pickup.minecraft.bread":15,"stat.craftItem.minecraft.spruce_fence":18,"stat.useItem.futureminecraf.blastfurnace":3,"stat.mineBlock.minecraft.leaves":74,"stat.pickup.spartanweaponry.halberd_diamond":15,"stat.drop.minecraft.beef":3,"stat.mineBlock.minecraft.stone":250}