{"stat.pickup.minecraft.bone":7,"stat.pickup.minecraft.wooden_slab":5,"stat.entityKilledBy.grimoireofgaia.spriggan":1,"stat.pickup.hammertime.itemaxestone":11,"stat.pickup.minecraft.spruce_fence_gate":4,"stat.leaveGame":12,"stat.mineBlock.minecraft.cobblestone":1,"stat.pickup.minecraft.stone_pickaxe":13,"stat.pickup.jurassicraft.crickets":111,"stat.swimOneCm":88238,"stat.pickup.zawa.worm":35,"stat.climbOneCm":1407,"stat.useItem.minecraft.planks":231,"stat.craftItem.futureminecraf.barrel":2,"stat.pickup.minecraft.cooked_porkchop":47,"stat.useItem.minecraft.dirt":774,"stat.useItem.minecraft.stone_slab2":69,"stat.pickup.minecraft.iron_boots":1,"stat.pickup.minecraft.rotten_flesh":21,"stat.pickup.minecraft.sand":18,"stat.craftItem.minecraft.furnace":1,"stat.useItem.minecraft.red_flower":1,"stat.drop.evilcraft.werewolf_flesh":1,"stat.pickup.grimoireofgaia.deco_nest_harpy":4,"stat.craftItem.minecraft.stone_axe":2,"stat.pickup.iceandfire.armor_red_chestplate":15,"stat.pickup.iceandfire.chain_link":76,"stat.craftItem.minecraft.stone_pickaxe":1,"stat.craftItem.minecraft.cooked_beef":35,"stat.pickup.minecraft.cobblestone":264,"stat.entityKilledBy.cyclops":1,"stat.mineBlock.minecraft.wooden_slab":2,"stat.useItem.futureminecraf.barrel":1,"stat.useItem.minecraft.spruce_fence_gate":12,"stat.useItem.minecraft.stone_shovel":429,"stat.craftItem.minecraft.stone_sword":1,"stat.flyOneCm":298772,"stat.pickup.minecraft.clay":1,"stat.entityKilledBy.firedragon":1,"stat.useItem.minecraft.cooked_beef":25,"stat.craftItem.minecraft.wooden_slab":6,"stat.mineBlock.openblocks.grave":16,"stat.timeSinceDeath":10375,"stat.useItem.minecraft.fence_gate":2,"stat.drop.minecraft.log":7,"stat.craftItem.minecraft.wooden_pickaxe":2,"stat.useItem.minecraft.oak_stairs":26,"stat.furnaceInteraction":15,"stat.pickup.minecraft.spruce_fence":4,"stat.useItem.minecraft.cooked_porkchop":16,"stat.entityKilledBy.grimoireofgaia.harpy":3,"stat.pickup.minecraft.fence_gate":6,"stat.pickup.minecraft.beef":20,"stat.pickup.minecraft.furnace":3,"stat.pickup.hammertime.itemshovelstone":3,"stat.useItem.minecraft.spruce_fence":11,"stat.sprintOneCm":890936,"stat.craftItem.minecraft.stick":112,"stat.craftItem.minecraft.stone":13,"stat.craftItem.minecraft.fence_gate":4,"stat.mineBlock.minecraft.crafting_table":4,"stat.entityKilledBy.grimoireofgaia.kobold":1,"stat.mineBlock.minecraft.oak_stairs":17,"stat.deaths":32,"stat.mineBlock.minecraft.planks":31,"stat.drop":22,"stat.playOneMinute":355789,"stat.useItem.hammertime.itemshovelstone":2,"stat.drop.minecraft.iron_boots":1,"stat.killEntity.Zombie":4,"stat.pickup.iceandfire.armor_gray_leggings":9,"stat.pickup.zawa.care_guide":9,"stat.drop.minecraft.chest":3,"stat.mineBlock.minecraft.tallgrass":55,"stat.diveOneCm":109279,"stat.chestOpened":48,"stat.useItem.minecraft.stone":4,"stat.pickup.minecraft.iron_sword":14,"stat.pickup.minecraft.arrow":9,"stat.drop.minecraft.cooked_beef":5,"stat.pickup.minecraft.stone_axe":9,"stat.pickup.minecraft.gold_nugget":271,"stat.useItem.minecraft.rotten_flesh":1,"stat.jump":2528,"stat.pickup.minecraft.iron_helmet":7,"stat.pickup.minecraft.coal":15,"stat.fallOneCm":51233,"stat.pickup.botania.lexicon":5,"stat.useItem.minecraft.stone_axe":78,"stat.crouchOneCm":37612,"stat.mineBlock.minecraft.chest":4,"stat.craftItem.minecraft.torch":16,"stat.craftItem.minecraft.chest":14,"stat.pickup.minecraft.dirt":992,"stat.mineBlock.minecraft.spruce_fence_gate":4,"stat.craftingTableInteraction":62,"stat.pickup.minecraft.stone_shovel":7,"stat.boatOneCm":186755,"stat.pickup.minecraft.wooden_pickaxe":15,"stat.damageTaken":11330,"stat.pickup.minecraft.leather":11,"stat.pickup.minecraft.feather":2,"stat.mineBlock.minecraft.red_flower":1,"stat.mineBlock.minecraft.furnace":1,"stat.mineBlock.minecraft.torch":2,"stat.useItem.minecraft.wooden_pickaxe":45,"stat.pickup.minecraft.dye":3,"stat.pickup.minecraft.planks":454,"stat.pickup.minecraft.iron_leggings":7,"stat.pickup.minecraft.reeds":3,"stat.mineBlock.minecraft.spruce_fence":2,"stat.pickup.minecraft.bed":11,"stat.pickup.minecraft.wheat_seeds":50,"stat.pickup.minecraft.potato":47,"stat.mineBlock.minecraft.fence_gate":2,"stat.pickup.minecraft.oak_stairs":26,"stat.entityKilledBy.Zombie":8,"stat.useItem.minecraft.stone_pickaxe":1,"stat.useItem.minecraft.stone_sword":8,"stat.damageDealt":6721,"stat.sleepInBed":10,"stat.craftItem.minecraft.oak_stairs":12,"stat.mineBlock.minecraft.dirt":420,"stat.useItem.minecraft.crafting_table":1,"stat.pickup.zawa.rat_raw":2,"stat.craftItem.hammertime.itemshovelstone":1,"stat.pickup.minecraft.boat":2,"stat.craftItem.minecraft.stone_shovel":3,"stat.walkOneCm":795314,"stat.useItem.minecraft.torch":14,"stat.useItem.minecraft.chest":19,"stat.pickup.minecraft.stick":65,"stat.pickup.minecraft.iron_nugget":4,"stat.pickup.minecraft.crafting_table":13,"stat.useItem.minecraft.log":49,"stat.useItem.minecraft.cobblestone":2,"stat.craftItem.minecraft.crafting_table":3,"stat.mineBlock.minecraft.double_plant":4,"stat.useItem.hammertime.itemhammerstone":3,"stat.pickup.hammertime.itemhammerstone":8,"stat.pickup.minecraft.log":950,"stat.pickup.openblocks.info_book":8,"stat.craftItem.hammertime.itemhammerstone":1,"stat.entityKilledBy.grimoireofgaia.minotaurus":17,"stat.pickup.usefulbackpacks.backpack":15,"stat.pickup.minecraft.stone":38,"stat.drop.minecraft.planks":1,"stat.drop.minecraft.sapling":2,"stat.pickup.zawa.bellflowers":2,"stat.pickup.minecraft.sapling":101,"stat.pickup.minecraft.apple":5,"stat.pickup.minecraft.cooked_beef":199,"stat.killEntity.Skeleton":1,"stat.mineBlock.iceandfire.goldpile":25,"stat.craftItem.minecraft.planks":492,"stat.useItem.minecraft.iron_sword":264,"stat.craftItem.props.props":1,"stat.useItem.hammertime.itemaxestone":1,"stat.killEntity.grimoireofgaia.harpy":2,"stat.craftItem.minecraft.spruce_fence":12,"stat.mobKills":17,"stat.pickup.minecraft.book":29,"stat.mineBlock.minecraft.log":41,"stat.mineBlock.minecraft.leaves":62,"stat.pickup.iceandfire.armor_gray_helmet":9,"stat.pickup.minecraft.torch":18,"stat.pickup.minecraft.red_flower":27,"stat.sneakTime":16938,"stat.drop.minecraft.stone_axe":2,"stat.pickup.evilcraft.werewolf_flesh":10,"stat.craftItem.minecraft.spruce_fence_gate":14,"stat.killEntity.siren":1,"stat.pickup.minecraft.stone_slab":21,"stat.mineBlock.minecraft.stone":44,"stat.killEntity.grimoireofgaia.minotaurus":4,"stat.pickup.minecraft.chest":6}