{"stat.chestOpened":9,"stat.entityKilledBy.grimoireofgaia.spriggan":1,"stat.leaveGame":3,"stat.pickup.minecraft.iron_sword":7,"stat.mineBlock.minecraft.cobblestone":1,"stat.pickup.minecraft.stone_pickaxe":4,"stat.pickup.minecraft.gold_nugget":262,"stat.pickup.jurassicraft.crickets":27,"stat.jump":1208,"stat.swimOneCm":66320,"stat.pickup.zawa.worm":23,"stat.pickup.minecraft.iron_helmet":7,"stat.fallOneCm":23403,"stat.climbOneCm":1407,"stat.useItem.minecraft.planks":29,"stat.pickup.botania.lexicon":5,"stat.pickup.minecraft.cooked_porkchop":47,"stat.useItem.minecraft.stone_axe":4,"stat.crouchOneCm":8115,"stat.pickup.minecraft.dirt":320,"stat.useItem.minecraft.dirt":177,"stat.useItem.minecraft.stone_slab2":17,"stat.pickup.minecraft.iron_boots":1,"stat.craftingTableInteraction":10,"stat.pickup.minecraft.rotten_flesh":4,"stat.craftItem.minecraft.furnace":1,"stat.boatOneCm":186755,"stat.craftItem.minecraft.stone_axe":1,"stat.pickup.minecraft.wooden_pickaxe":9,"stat.damageTaken":3109,"stat.pickup.iceandfire.armor_red_chestplate":7,"stat.pickup.iceandfire.chain_link":76,"stat.mineBlock.minecraft.red_flower":1,"stat.mineBlock.minecraft.furnace":1,"stat.useItem.minecraft.wooden_pickaxe":45,"stat.craftItem.minecraft.cooked_beef":5,"stat.pickup.minecraft.cobblestone":130,"stat.entityKilledBy.cyclops":1,"stat.pickup.minecraft.planks":258,"stat.pickup.minecraft.iron_leggings":7,"stat.useItem.minecraft.stone_shovel":307,"stat.flyOneCm":145608,"stat.pickup.minecraft.bed":11,"stat.entityKilledBy.firedragon":1,"stat.pickup.minecraft.wheat_seeds":9,"stat.pickup.minecraft.potato":35,"stat.pickup.minecraft.oak_stairs":3,"stat.entityKilledBy.Zombie":1,"stat.useItem.minecraft.cooked_beef":2,"stat.damageDealt":1057,"stat.mineBlock.openblocks.grave":5,"stat.sleepInBed":5,"stat.timeSinceDeath":40350,"stat.mineBlock.minecraft.dirt":301,"stat.useItem.minecraft.crafting_table":1,"stat.craftItem.minecraft.wooden_pickaxe":2,"stat.pickup.zawa.rat_raw":2,"stat.pickup.minecraft.boat":2,"stat.craftItem.minecraft.stone_shovel":3,"stat.walkOneCm":273846,"stat.pickup.minecraft.stick":42,"stat.pickup.minecraft.crafting_table":12,"stat.useItem.minecraft.log":4,"stat.useItem.minecraft.cobblestone":2,"stat.craftItem.minecraft.crafting_table":2,"stat.furnaceInteraction":4,"stat.useItem.minecraft.cooked_porkchop":16,"stat.mineBlock.minecraft.double_plant":2,"stat.entityKilledBy.grimoireofgaia.harpy":1,"stat.pickup.minecraft.log":240,"stat.pickup.minecraft.beef":20,"stat.pickup.openblocks.info_book":6,"stat.pickup.minecraft.furnace":1,"stat.pickup.usefulbackpacks.backpack":7,"stat.pickup.minecraft.stone":4,"stat.drop.minecraft.sapling":2,"stat.pickup.minecraft.sapling":29,"stat.sprintOneCm":306490,"stat.pickup.minecraft.apple":3,"stat.craftItem.minecraft.stick":8,"stat.mineBlock.iceandfire.goldpile":25,"stat.craftItem.minecraft.planks":64,"stat.useItem.minecraft.iron_sword":69,"stat.mineBlock.minecraft.crafting_table":3,"stat.mobKills":3,"stat.pickup.minecraft.book":17,"stat.mineBlock.minecraft.log":13,"stat.entityKilledBy.grimoireofgaia.kobold":1,"stat.deaths":6,"stat.mineBlock.minecraft.planks":3,"stat.drop":3,"stat.mineBlock.minecraft.leaves":2,"stat.playOneMinute":119862,"stat.pickup.minecraft.red_flower":8,"stat.sneakTime":4266,"stat.drop.minecraft.iron_boots":1,"stat.pickup.evilcraft.werewolf_flesh":7,"stat.killEntity.Zombie":2,"stat.pickup.zawa.care_guide":7,"stat.killEntity.siren":1,"stat.pickup.minecraft.stone_slab":15,"stat.mineBlock.minecraft.stone":43,"stat.mineBlock.minecraft.tallgrass":28,"stat.diveOneCm":77176}