{"stat.pickup.minecraft.wooden_slab":14,"stat.entityKilledBy.grimoireofgaia.spriggan":1,"stat.leaveGame":14,"stat.pickup.jurassicraft.crickets":117,"stat.pickup.zawa.worm":41,"stat.useItem.minecraft.planks":231,"stat.craftItem.futureminecraf.barrel":2,"stat.pickup.minecraft.porkchop":2,"stat.drop.minecraft.iron_sword":1,"stat.pickup.minecraft.rotten_flesh":35,"stat.pickup.minecraft.sand":79,"stat.craftItem.minecraft.stone_axe":2,"stat.pickup.iceandfire.armor_red_chestplate":20,"stat.entityKilledBy.cyclops":1,"stat.mineBlock.minecraft.wooden_slab":2,"stat.useItem.futureminecraf.barrel":1,"stat.craftItem.minecraft.stone_sword":1,"stat.entityKilledBy.firedragon":1,"stat.mineBlock.openblocks.grave":25,"stat.useItem.minecraft.fence_gate":2,"stat.useItem.minecraft.iron_pickaxe":155,"stat.craftItem.minecraft.wooden_pickaxe":2,"stat.mineBlock.chisel.marble2":4,"stat.useItem.minecraft.oak_stairs":26,"stat.furnaceInteraction":36,"stat.mineBlock.botania.flower":1,"stat.entityKilledBy.grimoireofgaia.harpy":10,"stat.pickup.iceandfire.manuscript":1,"stat.pickup.minecraft.fence_gate":6,"stat.pickup.botania.livingwood":49,"stat.pickup.minecraft.beef":45,"stat.pickup.minecraft.furnace":4,"stat.pickup.hammertime.itemshovelstone":6,"stat.pickup.mca.rose_gold_ore":9,"stat.entityKilledBy.grimoireofgaia.bone_knight":1,"stat.craftItem.minecraft.fence_gate":4,"stat.mineBlock.jurassicraft.amber_ore":1,"stat.pickup.minecraft.emerald":2,"stat.entityKilledBy.grimoireofgaia.kobold":1,"stat.mineBlock.minecraft.oak_stairs":17,"stat.deaths":56,"stat.pickup.zawa.fur":4,"stat.playOneMinute":553110,"stat.pickup.iceandfire.armor_gray_leggings":14,"stat.pickup.zawa.care_guide":9,"stat.drop.minecraft.chest":3,"stat.pickup.chisel.marble2":17,"stat.mineBlock.minecraft.tallgrass":70,"stat.chestOpened":63,"stat.mineBlock.botania.specialflower":3,"stat.useItem.minecraft.stone":75,"stat.pickup.minecraft.iron_sword":18,"stat.pickup.minecraft.arrow":26,"stat.pickup.minecraft.gold_nugget":277,"stat.drop.minecraft.iron_pickaxe":2,"stat.fallOneCm":72627,"stat.pickup.botania.lexicon":5,"stat.drop.minecraft.stone_sword":2,"stat.crouchOneCm":39575,"stat.mineBlock.minecraft.chest":4,"stat.craftItem.minecraft.chest":14,"stat.craftItem.minecraft.iron_ingot":32,"stat.mineBlock.botania.livingrock":48,"stat.craftingTableInteraction":72,"stat.pickup.minecraft.wooden_pickaxe":15,"stat.pickup.minecraft.feather":10,"stat.pickup.minecraft.record_cat":1,"stat.pickup.minecraft.dye":11,"stat.pickup.minecraft.planks":550,"stat.pickup.minecraft.iron_leggings":7,"stat.mineBlock.minecraft.spruce_fence":2,"stat.pickup.chisel.limestone2":60,"stat.pickup.minecraft.wheat_seeds":56,"stat.drop.jurassicraft.crickets":1,"stat.mineBlock.minecraft.gravel":7,"stat.useItem.minecraft.stone_pickaxe":397,"stat.useItem.minecraft.stone_sword":85,"stat.craftItem.minecraft.oak_stairs":12,"stat.mineBlock.minecraft.dirt":424,"stat.pickup.botania.specialflower":3,"stat.mineBlock.minecraft.monster_egg":2,"stat.useItem.minecraft.torch":40,"stat.pickup.minecraft.iron_nugget":27,"stat.drop.minecraft.rotten_flesh":1,"stat.drop.minecraft.porkchop":1,"stat.pickup.minecraft.crafting_table":17,"stat.useItem.minecraft.log":96,"stat.useItem.minecraft.cobblestone":65,"stat.craftItem.minecraft.crafting_table":4,"stat.mineBlock.minecraft.double_plant":5,"stat.useItem.hammertime.itemhammerstone":3,"stat.mineBlock.minecraft.emerald_ore":1,"stat.pickup.minecraft.log":962,"stat.pickup.minecraft.iron_pickaxe":6,"stat.craftItem.hammertime.itemhammerstone":1,"stat.pickup.usefulbackpacks.backpack":20,"stat.drop.minecraft.planks":1,"stat.drop.minecraft.sapling":2,"stat.pickup.zawa.bellflowers":2,"stat.pickup.minecraft.sapling":101,"stat.pickup.minecraft.apple":5,"stat.useItem.iceandfire.troll_weapon.column":4,"stat.mineBlock.iceandfire.goldpile":25,"stat.craftItem.minecraft.planks":492,"stat.useItem.minecraft.iron_sword":427,"stat.craftItem.props.props":1,"stat.pickup.minecraft.stone_sword":4,"stat.pickup.minecraft.book":35,"stat.mineBlock.minecraft.log":43,"stat.pickup.minecraft.red_flower":27,"stat.sneakTime":18563,"stat.craftItem.minecraft.spruce_fence_gate":14,"stat.killEntity.siren":1,"stat.pickup.minecraft.stone_slab":21,"stat.killEntity.grimoireofgaia.minotaurus":6,"stat.pickup.minecraft.chest":6,"stat.pickup.minecraft.bone":9,"stat.pickup.hammertime.itemaxestone":15,"stat.pickup.minecraft.spruce_fence_gate":4,"stat.mineBlock.minecraft.cobblestone":4,"stat.pickup.minecraft.stone_pickaxe":21,"stat.pickup.minecraft.flint":2,"stat.swimOneCm":118041,"stat.climbOneCm":1407,"stat.pickup.minecraft.cooked_porkchop":47,"stat.pickup.jurassicraft.amber":3,"stat.useItem.minecraft.dirt":794,"stat.pickup.wings.fairy_dust":16,"stat.useItem.minecraft.stone_slab2":88,"stat.pickup.minecraft.iron_boots":1,"stat.craftItem.minecraft.furnace":2,"stat.useItem.minecraft.red_flower":1,"stat.drop.evilcraft.werewolf_flesh":1,"stat.pickup.grimoireofgaia.deco_nest_harpy":4,"stat.pickup.iceandfire.chain_link":76,"stat.craftItem.minecraft.stone_pickaxe":3,"stat.craftItem.minecraft.cooked_beef":46,"stat.pickup.minecraft.cobblestone":1031,"stat.useItem.minecraft.spruce_fence_gate":12,"stat.useItem.minecraft.stone_shovel":429,"stat.flyOneCm":451570,"stat.pickup.minecraft.clay":1,"stat.useItem.minecraft.cooked_beef":45,"stat.craftItem.minecraft.wooden_slab":6,"stat.mineBlock.minecraft.iron_ore":113,"stat.timeSinceDeath":288,"stat.drop.minecraft.log":7,"stat.pickup.chococraft.lovely_gysahl_green":3,"stat.killEntity.grimoireofgaia.chest":1,"stat.mineBlock.botania.livingwood":49,"stat.pickup.minecraft.spruce_fence":4,"stat.useItem.minecraft.cooked_porkchop":16,"stat.mineBlock.minecraft.coal_ore":161,"stat.pickup.minecraft.string":8,"stat.pickup.jurassicraft.fossilized_trackway":1,"stat.entityKilledBy.Skeleton":2,"stat.useItem.minecraft.spruce_fence":11,"stat.sprintOneCm":1273177,"stat.craftItem.minecraft.stick":116,"stat.craftItem.minecraft.stone":70,"stat.mineBlock.minecraft.diamond_ore":3,"stat.mineBlock.minecraft.crafting_table":7,"stat.pickup.chococraft.gysahl_green_seeds":13,"stat.pickup.botania.flower":2,"stat.mineBlock.minecraft.planks":34,"stat.drop":35,"stat.useItem.hammertime.itemshovelstone":2,"stat.drop.minecraft.iron_boots":1,"stat.killEntity.Zombie":9,"stat.mineBlock.minecraft.gold_ore":9,"stat.diveOneCm":113121,"stat.pickup.minecraft.gravel":7,"stat.drop.minecraft.cooked_beef":7,"stat.pickup.minecraft.stone_axe":14,"stat.useItem.minecraft.rotten_flesh":2,"stat.jump":4054,"stat.pickup.minecraft.iron_helmet":7,"stat.pickup.minecraft.coal":307,"stat.pickup.iceandfire.troll_weapon.column":2,"stat.useItem.minecraft.stone_axe":131,"stat.craftItem.minecraft.torch":24,"stat.pickup.minecraft.dirt":1125,"stat.mineBlock.minecraft.spruce_fence_gate":4,"stat.pickup.minecraft.iron_ore":129,"stat.pickup.minecraft.stone_shovel":7,"stat.mineBlock.mca.rose_gold_ore":4,"stat.boatOneCm":186755,"stat.pickup.minecraft.gold_ore":14,"stat.mineBlock.minecraft.lapis_ore":1,"stat.pickup.minecraft.iron_axe":3,"stat.damageTaken":19188,"stat.pickup.minecraft.leather":34,"stat.mineBlock.minecraft.red_flower":1,"stat.mineBlock.minecraft.furnace":1,"stat.mineBlock.minecraft.torch":21,"stat.useItem.minecraft.wooden_pickaxe":45,"stat.pickup.minecraft.reeds":3,"stat.entityKilledBy.ZombieVillager":1,"stat.pickup.minecraft.bed":11,"stat.pickup.minecraft.potato":47,"stat.mineBlock.minecraft.fence_gate":2,"stat.pickup.minecraft.oak_stairs":26,"stat.entityKilledBy.Zombie":12,"stat.damageDealt":14230,"stat.sleepInBed":11,"stat.pickup.chococraft.gysahl_green":4,"stat.killEntity.Silverfish":2,"stat.killEntity.Cow":10,"stat.useItem.minecraft.crafting_table":1,"stat.killEntity.Pig":1,"stat.pickup.zawa.rat_raw":2,"stat.craftItem.minecraft.iron_sword":2,"stat.craftItem.hammertime.itemshovelstone":1,"stat.pickup.minecraft.boat":2,"stat.craftItem.minecraft.stone_shovel":3,"stat.walkOneCm":1382468,"stat.useItem.minecraft.chest":19,"stat.pickup.minecraft.stick":99,"stat.mineBlock.jurassicraft.plant_fossil_block":5,"stat.pickup.hammertime.itemhammerstone":11,"stat.pickup.openblocks.info_book":8,"stat.entityKilledBy.grimoireofgaia.minotaurus":25,"stat.pickup.minecraft.stone":188,"stat.pickup.minecraft.cooked_beef":227,"stat.killEntity.Skeleton":3,"stat.killEntity.Spider":3,"stat.useItem.hammertime.itemaxestone":1,"stat.killEntity.grimoireofgaia.harpy":6,"stat.craftItem.minecraft.spruce_fence":12,"stat.mobKills":46,"stat.pickup.minecraft.diamond":3,"stat.mineBlock.minecraft.leaves":62,"stat.pickup.iceandfire.armor_gray_helmet":14,"stat.mineBlock.wings.fairy_dust_ore":8,"stat.pickup.minecraft.torch":44,"stat.drop.minecraft.stone_axe":2,"stat.drop.minecraft.beef":3,"stat.pickup.evilcraft.werewolf_flesh":10,"stat.mineBlock.minecraft.stone":208,"stat.pickup.botania.livingrock":48}