{"stat.chestOpened":3,"stat.leaveGame":3,"stat.pickup.minecraft.iron_sword":3,"stat.pickup.minecraft.gold_nugget":262,"stat.pickup.jurassicraft.crickets":6,"stat.jump":812,"stat.swimOneCm":56863,"stat.pickup.zawa.worm":4,"stat.pickup.minecraft.iron_helmet":3,"stat.fallOneCm":17351,"stat.climbOneCm":1407,"stat.pickup.botania.lexicon":1,"stat.pickup.minecraft.cooked_porkchop":40,"stat.pickup.minecraft.dirt":29,"stat.useItem.minecraft.dirt":2,"stat.useItem.minecraft.stone_slab2":5,"stat.pickup.minecraft.iron_boots":1,"stat.craftingTableInteraction":6,"stat.boatOneCm":139665,"stat.pickup.minecraft.wooden_pickaxe":2,"stat.damageTaken":1894,"stat.pickup.iceandfire.armor_red_chestplate":3,"stat.useItem.minecraft.wooden_pickaxe":20,"stat.pickup.minecraft.cobblestone":40,"stat.entityKilledBy.cyclops":1,"stat.pickup.minecraft.planks":83,"stat.pickup.minecraft.iron_leggings":3,"stat.flyOneCm":112800,"stat.pickup.minecraft.bed":6,"stat.entityKilledBy.firedragon":1,"stat.pickup.minecraft.potato":15,"stat.damageDealt":645,"stat.mineBlock.openblocks.grave":1,"stat.sleepInBed":3,"stat.timeSinceDeath":3993,"stat.mineBlock.minecraft.dirt":10,"stat.craftItem.minecraft.wooden_pickaxe":2,"stat.pickup.zawa.rat_raw":2,"stat.walkOneCm":165849,"stat.pickup.minecraft.stick":12,"stat.pickup.minecraft.crafting_table":4,"stat.craftItem.minecraft.crafting_table":2,"stat.useItem.minecraft.cooked_porkchop":14,"stat.pickup.minecraft.log":86,"stat.pickup.openblocks.info_book":2,"stat.pickup.usefulbackpacks.backpack":3,"stat.pickup.minecraft.sapling":3,"stat.sprintOneCm":196903,"stat.craftItem.minecraft.stick":8,"stat.mineBlock.iceandfire.goldpile":25,"stat.craftItem.minecraft.planks":64,"stat.useItem.minecraft.iron_sword":51,"stat.mineBlock.minecraft.crafting_table":2,"stat.mobKills":2,"stat.pickup.minecraft.book":3,"stat.mineBlock.minecraft.log":13,"stat.entityKilledBy.grimoireofgaia.kobold":1,"stat.deaths":3,"stat.mineBlock.minecraft.planks":1,"stat.drop":1,"stat.mineBlock.minecraft.leaves":2,"stat.playOneMinute":69462,"stat.pickup.minecraft.red_flower":3,"stat.drop.minecraft.iron_boots":1,"stat.pickup.evilcraft.werewolf_flesh":2,"stat.killEntity.Zombie":1,"stat.pickup.zawa.care_guide":3,"stat.killEntity.siren":1,"stat.pickup.minecraft.stone_slab":3,"stat.mineBlock.minecraft.stone":20,"stat.diveOneCm":49591}