{"stat.pickup.minecraft.bone":7,"stat.pickup.minecraft.wooden_slab":14,"stat.entityKilledBy.grimoireofgaia.spriggan":1,"stat.pickup.hammertime.itemaxestone":14,"stat.pickup.minecraft.spruce_fence_gate":4,"stat.leaveGame":13,"stat.mineBlock.minecraft.cobblestone":1,"stat.pickup.minecraft.stone_pickaxe":19,"stat.pickup.jurassicraft.crickets":117,"stat.swimOneCm":100059,"stat.pickup.zawa.worm":41,"stat.climbOneCm":1407,"stat.useItem.minecraft.planks":231,"stat.craftItem.futureminecraf.barrel":2,"stat.pickup.minecraft.cooked_porkchop":47,"stat.pickup.minecraft.porkchop":2,"stat.useItem.minecraft.dirt":774,"stat.useItem.minecraft.stone_slab2":72,"stat.pickup.minecraft.iron_boots":1,"stat.pickup.minecraft.rotten_flesh":27,"stat.pickup.minecraft.sand":79,"stat.craftItem.minecraft.furnace":1,"stat.useItem.minecraft.red_flower":1,"stat.drop.evilcraft.werewolf_flesh":1,"stat.pickup.grimoireofgaia.deco_nest_harpy":4,"stat.craftItem.minecraft.stone_axe":2,"stat.pickup.iceandfire.armor_red_chestplate":18,"stat.pickup.iceandfire.chain_link":76,"stat.craftItem.minecraft.stone_pickaxe":1,"stat.craftItem.minecraft.cooked_beef":46,"stat.pickup.minecraft.cobblestone":288,"stat.entityKilledBy.cyclops":1,"stat.mineBlock.minecraft.wooden_slab":2,"stat.useItem.futureminecraf.barrel":1,"stat.useItem.minecraft.spruce_fence_gate":12,"stat.useItem.minecraft.stone_shovel":429,"stat.craftItem.minecraft.stone_sword":1,"stat.flyOneCm":411962,"stat.pickup.minecraft.clay":1,"stat.entityKilledBy.firedragon":1,"stat.useItem.minecraft.cooked_beef":39,"stat.craftItem.minecraft.wooden_slab":6,"stat.mineBlock.openblocks.grave":23,"stat.timeSinceDeath":4441,"stat.useItem.minecraft.fence_gate":2,"stat.drop.minecraft.log":7,"stat.pickup.chococraft.lovely_gysahl_green":3,"stat.craftItem.minecraft.wooden_pickaxe":2,"stat.useItem.minecraft.oak_stairs":26,"stat.furnaceInteraction":22,"stat.pickup.minecraft.spruce_fence":4,"stat.useItem.minecraft.cooked_porkchop":16,"stat.mineBlock.botania.flower":1,"stat.entityKilledBy.grimoireofgaia.harpy":9,"stat.pickup.minecraft.fence_gate":6,"stat.pickup.minecraft.beef":45,"stat.pickup.minecraft.furnace":3,"stat.entityKilledBy.Skeleton":1,"stat.pickup.hammertime.itemshovelstone":6,"stat.useItem.minecraft.spruce_fence":11,"stat.sprintOneCm":1179208,"stat.craftItem.minecraft.stick":116,"stat.craftItem.minecraft.stone":13,"stat.craftItem.minecraft.fence_gate":4,"stat.mineBlock.minecraft.crafting_table":4,"stat.entityKilledBy.grimoireofgaia.kobold":1,"stat.pickup.chococraft.gysahl_green_seeds":13,"stat.pickup.botania.flower":2,"stat.mineBlock.minecraft.oak_stairs":17,"stat.deaths":52,"stat.mineBlock.minecraft.planks":34,"stat.drop":30,"stat.pickup.zawa.fur":4,"stat.playOneMinute":425814,"stat.useItem.hammertime.itemshovelstone":2,"stat.drop.minecraft.iron_boots":1,"stat.killEntity.Zombie":5,"stat.pickup.iceandfire.armor_gray_leggings":12,"stat.pickup.zawa.care_guide":9,"stat.drop.minecraft.chest":3,"stat.mineBlock.minecraft.tallgrass":70,"stat.diveOneCm":110980,"stat.chestOpened":54,"stat.useItem.minecraft.stone":4,"stat.pickup.minecraft.iron_sword":16,"stat.pickup.minecraft.arrow":18,"stat.drop.minecraft.cooked_beef":5,"stat.pickup.minecraft.stone_axe":12,"stat.pickup.minecraft.gold_nugget":277,"stat.useItem.minecraft.rotten_flesh":2,"stat.jump":3230,"stat.pickup.minecraft.iron_helmet":7,"stat.pickup.minecraft.coal":15,"stat.fallOneCm":65792,"stat.pickup.botania.lexicon":5,"stat.useItem.minecraft.stone_axe":78,"stat.drop.minecraft.stone_sword":2,"stat.crouchOneCm":37613,"stat.mineBlock.minecraft.chest":4,"stat.craftItem.minecraft.torch":16,"stat.craftItem.minecraft.chest":14,"stat.pickup.minecraft.dirt":1079,"stat.mineBlock.minecraft.spruce_fence_gate":4,"stat.craftingTableInteraction":66,"stat.pickup.minecraft.stone_shovel":7,"stat.boatOneCm":186755,"stat.pickup.minecraft.wooden_pickaxe":15,"stat.damageTaken":17752,"stat.pickup.minecraft.leather":34,"stat.pickup.minecraft.feather":9,"stat.mineBlock.minecraft.red_flower":1,"stat.mineBlock.minecraft.furnace":1,"stat.mineBlock.minecraft.torch":3,"stat.useItem.minecraft.wooden_pickaxe":45,"stat.pickup.minecraft.dye":3,"stat.pickup.minecraft.planks":518,"stat.pickup.minecraft.iron_leggings":7,"stat.pickup.minecraft.reeds":3,"stat.mineBlock.minecraft.spruce_fence":2,"stat.entityKilledBy.ZombieVillager":1,"stat.pickup.minecraft.bed":11,"stat.pickup.minecraft.wheat_seeds":56,"stat.drop.jurassicraft.crickets":1,"stat.pickup.minecraft.potato":47,"stat.mineBlock.minecraft.fence_gate":2,"stat.pickup.minecraft.oak_stairs":26,"stat.entityKilledBy.Zombie":12,"stat.useItem.minecraft.stone_pickaxe":1,"stat.useItem.minecraft.stone_sword":85,"stat.damageDealt":11475,"stat.sleepInBed":10,"stat.pickup.chococraft.gysahl_green":4,"stat.craftItem.minecraft.oak_stairs":12,"stat.killEntity.Cow":10,"stat.mineBlock.minecraft.dirt":421,"stat.useItem.minecraft.crafting_table":1,"stat.killEntity.Pig":1,"stat.pickup.zawa.rat_raw":2,"stat.craftItem.minecraft.iron_sword":1,"stat.craftItem.hammertime.itemshovelstone":1,"stat.pickup.minecraft.boat":2,"stat.craftItem.minecraft.stone_shovel":3,"stat.walkOneCm":1070961,"stat.useItem.minecraft.torch":14,"stat.useItem.minecraft.chest":19,"stat.pickup.minecraft.stick":92,"stat.pickup.minecraft.iron_nugget":25,"stat.drop.minecraft.rotten_flesh":1,"stat.drop.minecraft.porkchop":1,"stat.pickup.minecraft.crafting_table":13,"stat.useItem.minecraft.log":49,"stat.useItem.minecraft.cobblestone":2,"stat.craftItem.minecraft.crafting_table":3,"stat.mineBlock.minecraft.double_plant":5,"stat.useItem.hammertime.itemhammerstone":3,"stat.pickup.hammertime.itemhammerstone":11,"stat.pickup.minecraft.log":950,"stat.pickup.openblocks.info_book":8,"stat.craftItem.hammertime.itemhammerstone":1,"stat.entityKilledBy.grimoireofgaia.minotaurus":25,"stat.pickup.usefulbackpacks.backpack":18,"stat.pickup.minecraft.stone":47,"stat.drop.minecraft.planks":1,"stat.drop.minecraft.sapling":2,"stat.pickup.zawa.bellflowers":2,"stat.pickup.minecraft.sapling":101,"stat.pickup.minecraft.apple":5,"stat.pickup.minecraft.cooked_beef":212,"stat.killEntity.Skeleton":1,"stat.mineBlock.iceandfire.goldpile":25,"stat.craftItem.minecraft.planks":492,"stat.useItem.minecraft.iron_sword":370,"stat.craftItem.props.props":1,"stat.killEntity.Spider":1,"stat.useItem.hammertime.itemaxestone":1,"stat.pickup.minecraft.stone_sword":4,"stat.killEntity.grimoireofgaia.harpy":5,"stat.craftItem.minecraft.spruce_fence":12,"stat.mobKills":33,"stat.pickup.minecraft.book":35,"stat.mineBlock.minecraft.log":41,"stat.mineBlock.minecraft.leaves":62,"stat.pickup.iceandfire.armor_gray_helmet":12,"stat.pickup.minecraft.torch":23,"stat.pickup.minecraft.red_flower":27,"stat.sneakTime":17108,"stat.drop.minecraft.stone_axe":2,"stat.drop.minecraft.beef":3,"stat.pickup.evilcraft.werewolf_flesh":10,"stat.craftItem.minecraft.spruce_fence_gate":14,"stat.killEntity.siren":1,"stat.pickup.minecraft.stone_slab":21,"stat.mineBlock.minecraft.stone":44,"stat.killEntity.grimoireofgaia.minotaurus":6,"stat.pickup.minecraft.chest":6}